,Home,Home_Score,Away,Away_Score,Datetime,Stadium,Region,Temperature,Total_Score
0,두산,6,한화,4,2022-04-02 14:00:00,잠실,서울,13.7,10
1,NC,0,SSG,4,2022-04-02 14:00:00,창원,창원,12.9,4
2,KT,4,삼성,1,2022-04-02 14:00:00,수원,수원,12.5,5
3,KIA,0,LG,9,2022-04-02 14:00:00,광주,광주,14.7,9
4,키움,2,롯데,7,2022-04-02 14:00:00,고척,서울,13.7,9
5,두산,1,한화,0,2022-04-03 14:00:00,잠실,서울,16.3,1
6,NC,1,SSG,4,2022-04-03 14:00:00,창원,창원,15.4,5
7,KT,5,삼성,6,2022-04-03 14:00:00,수원,수원,15.0,11
8,KIA,2,LG,3,2022-04-03 14:00:00,광주,광주,17.5,5
9,키움,4,롯데,3,2022-04-03 14:00:00,고척,서울,16.3,7
10,두산,5,삼성,6,2022-04-05 18:30:00,잠실,서울,11.4,11
11,NC,1,롯데,5,2022-04-05 18:30:00,창원,창원,12.3,6
12,KT,5,SSG,8,2022-04-05 18:30:00,수원,수원,11.3,13
13,KIA,4,한화,3,2022-04-05 18:30:00,광주,광주,12.4,7
14,키움,4,LG,8,2022-04-05 18:30:00,고척,서울,11.4,12
15,두산,1,삼성,7,2022-04-06 18:30:00,잠실,서울,11.9,8
16,NC,5,롯데,0,2022-04-06 18:30:00,창원,창원,13.7,5
17,KT,0,SSG,3,2022-04-06 18:30:00,수원,수원,10.0,3
18,KIA,7,한화,4,2022-04-06 18:30:00,광주,광주,13.3,11
19,키움,1,LG,2,2022-04-06 18:30:00,고척,서울,11.9,3
20,두산,6,삼성,5,2022-04-07 18:30:00,잠실,서울,9.4,11
21,NC,1,롯데,2,2022-04-07 18:30:00,창원,창원,17.3,3
22,KT,3,SSG,4,2022-04-07 18:30:00,수원,수원,8.9,7
23,KIA,6,한화,2,2022-04-07 18:30:00,광주,광주,13.0,8
24,키움,0,LG,6,2022-04-07 18:30:00,고척,서울,9.4,6
25,LG,1,NC,4,2022-04-08 18:30:00,잠실,서울,15.4,5
26,SSG,3,KIA,0,2022-04-08 18:30:00,문학,인천,13.3,3
27,롯데,1,두산,6,2022-04-08 18:30:00,사직,부산,14.3,7
28,삼성,0,키움,1,2022-04-08 18:30:00,대구,대구,19.3,1
29,한화,2,KT,4,2022-04-08 18:30:00,대전,대전,17.6,6
30,LG,7,NC,6,2022-04-09 17:00:00,잠실,서울,21.4,13
31,SSG,9,KIA,5,2022-04-09 17:00:00,문학,인천,18.0,14
32,롯데,5,두산,4,2022-04-09 17:00:00,사직,부산,18.8,9
33,삼성,0,키움,3,2022-04-09 17:00:00,대구,대구,25.1,3
34,한화,7,KT,1,2022-04-09 17:00:00,대전,대전,23.4,8
35,LG,5,NC,3,2022-04-10 14:00:00,잠실,서울,25.0,8
36,SSG,11,KIA,2,2022-04-10 14:00:00,문학,인천,20.2,13
37,롯데,3,두산,4,2022-04-10 14:00:00,사직,부산,21.1,7
38,삼성,5,키움,6,2022-04-10 14:00:00,대구,대구,27.1,11
39,한화,6,KT,4,2022-04-10 14:00:00,대전,대전,27.0,10
40,LG,1,SSG,4,2022-04-12 18:30:00,잠실,서울,17.0,5
41,삼성,2,한화,0,2022-04-12 18:30:00,대구,대구,24.8,2
42,KT,1,두산,3,2022-04-12 18:30:00,수원,수원,14.6,4
43,KIA,6,롯데,5,2022-04-12 18:30:00,광주,광주,20.5,11
44,키움,10,NC,0,2022-04-12 18:30:00,고척,서울,17.0,10
45,LG,2,SSG,4,2022-04-13 18:30:00,잠실,서울,12.2,6
46,삼성,12,한화,1,2022-04-13 18:30:00,대구,대구,10.2,13
47,키움,5,NC,4,2022-04-13 18:30:00,고척,서울,12.2,9
48,LG,5,SSG,1,2022-04-14 18:30:00,잠실,서울,13.4,6
49,삼성,8,한화,3,2022-04-14 18:30:00,대구,대구,11.0,11
50,KT,4,두산,5,2022-04-14 18:30:00,수원,수원,13.0,9
51,KIA,2,롯데,3,2022-04-14 18:30:00,광주,광주,16.9,5
52,키움,1,NC,0,2022-04-14 18:30:00,고척,서울,13.4,1
53,두산,2,키움,4,2022-04-15 18:30:00,잠실,서울,14.0,6
54,SSG,5,삼성,0,2022-04-15 18:30:00,문학,인천,12.5,5
55,롯데,9,KT,7,2022-04-15 18:30:00,사직,부산,10.4,16
56,NC,5,KIA,0,2022-04-15 18:30:00,창원,창원,11.7,5
57,한화,7,LG,3,2022-04-15 18:30:00,대전,대전,12.9,10
58,SSG,6,삼성,2,2022-04-16 14:00:00,문학,인천,15.5,8
59,두산,4,키움,1,2022-04-16 17:00:00,잠실,서울,17.2,5
60,롯데,0,KT,8,2022-04-16 17:00:00,사직,부산,13.4,8
61,NC,0,KIA,14,2022-04-16 17:00:00,창원,창원,12.5,14
62,한화,2,LG,6,2022-04-16 17:00:00,대전,대전,18.3,8
63,두산,2,키움,6,2022-04-17 14:00:00,잠실,서울,21.2,8
64,SSG,7,삼성,5,2022-04-17 14:00:00,문학,인천,14.3,12
65,롯데,3,KT,0,2022-04-17 14:00:00,사직,부산,18.4,3
66,NC,3,KIA,4,2022-04-17 14:00:00,창원,창원,20.6,7
67,한화,7,LG,8,2022-04-17 14:00:00,대전,대전,21.8,15
68,LG,0,KT,5,2022-04-19 18:30:00,잠실,서울,15.7,5
69,SSG,5,키움,8,2022-04-19 18:30:00,문학,인천,11.0,13
70,롯데,2,한화,6,2022-04-19 18:30:00,사직,부산,15.6,8
71,NC,11,삼성,8,2022-04-19 18:30:00,창원,창원,16.6,19
72,KIA,6,두산,3,2022-04-19 18:30:00,광주,광주,16.5,9
73,LG,3,KT,5,2022-04-20 18:30:00,잠실,서울,16.5,8
74,SSG,6,키움,1,2022-04-20 18:30:00,문학,인천,12.2,7
75,롯데,7,한화,0,2022-04-20 18:30:00,사직,부산,17.9,7
76,NC,3,삼성,0,2022-04-20 18:30:00,창원,창원,17.3,3
77,KIA,3,두산,4,2022-04-20 18:30:00,광주,광주,17.0,7
78,LG,2,KT,6,2022-04-21 18:30:00,잠실,서울,17.0,8
79,SSG,4,키움,2,2022-04-21 18:30:00,문학,인천,14.0,6
80,롯데,6,한화,7,2022-04-21 18:30:00,사직,부산,12.6,13
81,NC,3,삼성,10,2022-04-21 18:30:00,창원,창원,11.4,13
82,KIA,1,두산,2,2022-04-21 18:30:00,광주,광주,16.6,3
83,두산,1,LG,5,2022-04-22 18:30:00,잠실,서울,14.2,6
84,삼성,2,롯데,8,2022-04-22 18:30:00,대구,대구,22.1,10
85,KT,4,NC,3,2022-04-22 18:30:00,수원,수원,13.9,7
86,키움,4,KIA,5,2022-04-22 18:30:00,고척,서울,14.2,9
87,한화,2,SSG,0,2022-04-22 18:30:00,대전,대전,16.0,2
88,키움,3,KIA,1,2022-04-23 14:00:00,고척,서울,24.7,4
89,두산,4,LG,2,2022-04-23 17:00:00,잠실,서울,24.3,6
90,삼성,2,롯데,4,2022-04-23 17:00:00,대구,대구,20.3,6
91,KT,4,NC,3,2022-04-23 17:00:00,수원,수원,22.1,7
92,한화,9,SSG,2,2022-04-23 17:00:00,대전,대전,24.1,11
93,두산,0,LG,5,2022-04-24 14:00:00,잠실,서울,24.1,5
94,삼성,4,롯데,7,2022-04-24 14:00:00,대구,대구,28.8,11
95,KT,1,NC,2,2022-04-24 14:00:00,수원,수원,24.0,3
96,키움,2,KIA,14,2022-04-24 14:00:00,고척,서울,24.1,16
97,한화,1,SSG,3,2022-04-24 14:00:00,대전,대전,26.7,4
98,두산,8,NC,4,2022-04-26 18:30:00,잠실,서울,22.7,12
99,롯데,1,SSG,8,2022-04-26 18:30:00,사직,부산,17.0,9
100,삼성,7,LG,4,2022-04-26 18:30:00,대구,대구,19.7,11
101,KT,5,KIA,10,2022-04-26 18:30:00,수원,수원,19.9,15
102,한화,5,키움,2,2022-04-26 18:30:00,대전,대전,20.5,7
103,두산,6,NC,5,2022-04-27 18:30:00,잠실,서울,18.0,11
104,롯데,1,SSG,1,2022-04-27 18:30:00,사직,부산,14.2,2
105,삼성,0,LG,7,2022-04-27 18:30:00,대구,대구,15.4,7
106,KT,3,KIA,1,2022-04-27 18:30:00,수원,수원,15.0,4
107,한화,0,키움,7,2022-04-27 18:30:00,대전,대전,18.6,7
108,두산,5,NC,9,2022-04-28 18:30:00,잠실,서울,19.0,14
109,롯데,4,SSG,1,2022-04-28 18:30:00,사직,부산,15.2,5
110,삼성,4,LG,6,2022-04-28 18:30:00,대구,대구,15.0,10
111,KT,5,KIA,3,2022-04-28 18:30:00,수원,수원,15.1,8
112,한화,1,키움,3,2022-04-28 18:30:00,대전,대전,18.1,4
113,LG,4,롯데,9,2022-04-29 18:30:00,잠실,서울,14.4,13
114,SSG,8,두산,7,2022-04-29 18:30:00,문학,인천,14.1,15
115,NC,9,한화,4,2022-04-29 18:30:00,창원,창원,11.4,13
116,KIA,3,삼성,4,2022-04-29 18:30:00,광주,광주,14.8,7
117,키움,4,KT,6,2022-04-29 18:30:00,고척,서울,14.4,10
118,KIA,4,삼성,5,2022-04-30 14:00:00,광주,광주,14.9,9
119,LG,1,롯데,3,2022-04-30 17:00:00,잠실,서울,13.6,4
120,SSG,2,두산,1,2022-04-30 17:00:00,문학,인천,11.6,3
121,NC,0,한화,2,2022-04-30 17:00:00,창원,창원,15.0,2
122,키움,4,KT,1,2022-04-30 17:00:00,고척,서울,13.6,5
123,LG,0,롯데,4,2022-05-01 14:00:00,잠실,서울,18.8,4
124,SSG,0,두산,9,2022-05-01 14:00:00,문학,인천,15.1,9
125,NC,1,한화,2,2022-05-01 14:00:00,창원,창원,19.6,3
126,KIA,3,삼성,6,2022-05-01 14:00:00,광주,광주,19.0,9
127,키움,9,KT,3,2022-05-01 14:00:00,고척,서울,18.8,12
128,LG,4,두산,3,2022-05-03 18:30:00,잠실,서울,15.1,7
129,SSG,4,한화,2,2022-05-03 18:30:00,문학,인천,12.5,6
130,삼성,6,NC,10,2022-05-03 18:30:00,대구,대구,20.0,16
131,KT,10,롯데,5,2022-05-03 18:30:00,수원,수원,14.6,15
132,KIA,1,키움,7,2022-05-03 18:30:00,광주,광주,16.3,8
133,LG,2,두산,5,2022-05-04 18:30:00,잠실,서울,19.8,7
134,SSG,5,한화,8,2022-05-04 18:30:00,문학,인천,16.5,13
135,삼성,11,NC,5,2022-05-04 18:30:00,대구,대구,21.2,16
136,KT,0,롯데,5,2022-05-04 18:30:00,수원,수원,18.7,5
137,KIA,4,키움,3,2022-05-04 18:30:00,광주,광주,18.9,7
138,LG,4,두산,9,2022-05-05 14:00:00,잠실,서울,25.7,13
139,SSG,14,한화,4,2022-05-05 14:00:00,문학,인천,21.5,18
140,삼성,5,NC,2,2022-05-05 14:00:00,대구,대구,27.4,7
141,KT,8,롯데,2,2022-05-05 14:00:00,수원,수원,24.6,10
142,KIA,10,키움,1,2022-05-05 14:00:00,광주,광주,25.9,11
143,두산,0,KT,6,2022-05-06 18:30:00,잠실,서울,19.6,6
144,롯데,0,삼성,5,2022-05-06 18:30:00,사직,부산,18.8,5
145,NC,8,LG,15,2022-05-06 18:30:00,창원,창원,19.3,23
146,키움,9,SSG,2,2022-05-06 18:30:00,고척,서울,19.6,11
147,한화,2,KIA,13,2022-05-06 18:30:00,대전,대전,21.0,15
148,두산,11,KT,8,2022-05-07 17:00:00,잠실,서울,20.7,19
149,롯데,1,삼성,4,2022-05-07 17:00:00,사직,부산,17.4,5
150,NC,3,LG,6,2022-05-07 17:00:00,창원,창원,23.1,9
151,키움,0,SSG,3,2022-05-07 17:00:00,고척,서울,20.7,3
152,한화,4,KIA,5,2022-05-07 17:00:00,대전,대전,21.3,9
153,두산,0,KT,5,2022-05-08 14:00:00,잠실,서울,17.6,5
154,롯데,2,삼성,4,2022-05-08 14:00:00,사직,부산,19.1,6
155,NC,2,LG,3,2022-05-08 14:00:00,창원,창원,18.9,5
156,키움,2,SSG,6,2022-05-08 14:00:00,고척,서울,17.6,8
157,한화,6,KIA,7,2022-05-08 14:00:00,대전,대전,23.3,13
158,LG,9,한화,1,2022-05-10 18:30:00,잠실,서울,20.6,10
159,롯데,7,NC,0,2022-05-10 18:30:00,사직,부산,15.6,7
160,삼성,1,SSG,3,2022-05-10 18:30:00,대구,대구,17.5,4
161,KIA,1,KT,0,2022-05-10 18:30:00,광주,광주,18.8,1
162,키움,0,두산,9,2022-05-10 18:30:00,고척,서울,20.6,9
163,LG,5,한화,2,2022-05-11 18:30:00,잠실,서울,18.6,7
164,롯데,6,NC,5,2022-05-11 18:30:00,사직,부산,18.5,11
165,삼성,6,SSG,5,2022-05-11 18:30:00,대구,대구,24.1,11
166,KIA,5,KT,10,2022-05-11 18:30:00,광주,광주,20.8,15
167,키움,1,두산,5,2022-05-11 18:30:00,고척,서울,18.6,6
168,LG,11,한화,7,2022-05-12 18:30:00,잠실,서울,21.6,18
169,롯데,2,NC,4,2022-05-12 18:30:00,사직,부산,17.5,6
170,삼성,4,SSG,2,2022-05-12 18:30:00,대구,대구,18.7,6
171,KIA,5,KT,4,2022-05-12 18:30:00,광주,광주,21.0,9
172,키움,2,두산,3,2022-05-12 18:30:00,고척,서울,21.6,5
173,LG,1,KIA,10,2022-05-13 18:30:00,잠실,서울,18.6,11
174,SSG,2,NC,6,2022-05-13 18:30:00,문학,인천,17.8,8
175,KT,5,키움,7,2022-05-13 18:30:00,수원,수원,19.2,12
176,한화,1,롯데,8,2022-05-13 18:30:00,대전,대전,18.0,9
177,LG,5,KIA,3,2022-05-14 17:00:00,잠실,서울,17.6,8
178,SSG,2,NC,1,2022-05-14 17:00:00,문학,인천,15.7,3
179,삼성,4,두산,0,2022-05-14 17:00:00,대구,대구,21.8,4
180,KT,0,키움,3,2022-05-14 17:00:00,수원,수원,15.6,3
181,한화,5,롯데,8,2022-05-14 17:00:00,대전,대전,18.3,13
182,LG,6,KIA,3,2022-05-15 14:00:00,잠실,서울,21.9,9
183,SSG,7,NC,8,2022-05-15 14:00:00,문학,인천,18.1,15
184,삼성,4,두산,3,2022-05-15 14:00:00,대구,대구,22.5,7
185,KT,1,키움,5,2022-05-15 14:00:00,수원,수원,19.9,6
186,한화,8,롯데,4,2022-05-15 14:00:00,대전,대전,22.0,12
187,두산,9,SSG,9,2022-05-17 18:30:00,잠실,서울,20.9,18
188,롯데,3,KIA,4,2022-05-17 18:30:00,사직,부산,17.4,7
189,NC,4,키움,11,2022-05-17 18:30:00,창원,창원,18.5,15
190,KT,3,LG,2,2022-05-17 18:30:00,수원,수원,20.5,5
191,한화,4,삼성,3,2022-05-17 18:30:00,대전,대전,21.6,7
192,두산,2,SSG,5,2022-05-18 18:30:00,잠실,서울,21.5,7
193,롯데,7,KIA,15,2022-05-18 18:30:00,사직,부산,19.0,22
194,NC,15,키움,3,2022-05-18 18:30:00,창원,창원,19.5,18
195,KT,1,LG,9,2022-05-18 18:30:00,수원,수원,21.7,10
196,한화,3,삼성,5,2022-05-18 18:30:00,대전,대전,22.8,8
197,두산,3,SSG,9,2022-05-19 18:30:00,잠실,서울,19.2,12
198,롯데,2,KIA,4,2022-05-19 18:30:00,사직,부산,18.1,6
199,NC,1,키움,3,2022-05-19 18:30:00,창원,창원,18.2,4
200,KT,3,LG,7,2022-05-19 18:30:00,수원,수원,20.0,10
201,한화,1,삼성,2,2022-05-19 18:30:00,대전,대전,20.4,3
202,두산,0,롯데,4,2022-05-20 18:30:00,잠실,서울,21.1,4
203,SSG,5,LG,4,2022-05-20 18:30:00,문학,인천,18.1,9
204,삼성,1,KT,5,2022-05-20 18:30:00,대구,대구,25.5,6
205,KIA,5,NC,3,2022-05-20 18:30:00,광주,광주,19.3,8
206,키움,4,한화,3,2022-05-20 18:30:00,고척,서울,21.1,7
207,두산,12,롯데,4,2022-05-21 14:00:00,잠실,서울,25.5,16
208,SSG,3,LG,4,2022-05-21 17:00:00,문학,인천,17.7,7
209,삼성,2,KT,5,2022-05-21 17:00:00,대구,대구,28.0,7
210,KIA,4,NC,7,2022-05-21 17:00:00,광주,광주,24.8,11
211,키움,11,한화,2,2022-05-21 17:00:00,고척,서울,23.0,13
212,두산,4,롯데,5,2022-05-22 14:00:00,잠실,서울,25.7,9
213,SSG,3,LG,1,2022-05-22 14:00:00,문학,인천,20.2,4
214,삼성,4,KT,3,2022-05-22 14:00:00,대구,대구,31.8,7
215,KIA,8,NC,6,2022-05-22 14:00:00,광주,광주,29.5,14
216,키움,5,한화,6,2022-05-22 14:00:00,고척,서울,25.7,11
217,LG,4,키움,6,2022-05-24 18:30:00,잠실,서울,23.3,10
218,SSG,3,롯데,2,2022-05-24 18:30:00,문학,인천,19.9,5
219,삼성,3,KIA,4,2022-05-24 18:30:00,대구,대구,27.0,7
220,NC,3,KT,2,2022-05-24 18:30:00,창원,창원,21.5,5
221,한화,6,두산,3,2022-05-24 18:30:00,대전,대전,24.3,9
222,LG,5,키움,10,2022-05-25 18:30:00,잠실,서울,19.8,15
223,SSG,9,롯데,1,2022-05-25 18:30:00,문학,인천,17.2,10
224,삼성,5,KIA,11,2022-05-25 18:30:00,대구,대구,25.7,16
225,NC,2,KT,3,2022-05-25 18:30:00,창원,창원,21.1,5
226,한화,14,두산,1,2022-05-25 18:30:00,대전,대전,21.7,15
227,LG,5,키움,12,2022-05-26 18:30:00,잠실,서울,18.8,17
228,SSG,6,롯데,5,2022-05-26 18:30:00,문학,인천,16.5,11
229,삼성,7,KIA,9,2022-05-26 18:30:00,대구,대구,24.2,16
230,NC,1,KT,2,2022-05-26 18:30:00,창원,창원,20.3,3
231,한화,3,두산,24,2022-05-26 18:30:00,대전,대전,20.0,27
232,LG,5,삼성,0,2022-05-27 18:30:00,잠실,서울,20.2,5
233,롯데,0,키움,8,2022-05-27 18:30:00,사직,부산,23.4,8
234,NC,1,두산,6,2022-05-27 18:30:00,창원,창원,25.7,7
235,KT,0,한화,4,2022-05-27 18:30:00,수원,수원,18.6,4
236,KIA,1,SSG,8,2022-05-27 18:30:00,광주,광주,21.4,9
237,롯데,3,키움,6,2022-05-28 14:00:00,사직,부산,23.1,9
238,KIA,9,SSG,3,2022-05-28 14:00:00,광주,광주,29.1,12
239,LG,9,삼성,4,2022-05-28 17:00:00,잠실,서울,26.4,13
240,NC,5,두산,0,2022-05-28 17:00:00,창원,창원,24.2,5
241,KT,8,한화,9,2022-05-28 17:00:00,수원,수원,26.3,17
242,LG,4,삼성,8,2022-05-29 14:00:00,잠실,서울,28.0,12
243,롯데,0,키움,4,2022-05-29 14:00:00,사직,부산,26.1,4
244,NC,0,두산,1,2022-05-29 14:00:00,창원,창원,28.0,1
245,KT,4,한화,12,2022-05-29 14:00:00,수원,수원,28.0,16
246,KIA,7,SSG,9,2022-05-29 14:00:00,광주,광주,27.9,16
247,두산,10,KIA,13,2022-05-31 18:30:00,잠실,서울,21.6,23
248,SSG,1,KT,2,2022-05-31 18:30:00,문학,인천,18.8,3
249,롯데,7,LG,5,2022-05-31 18:30:00,사직,부산,21.0,12
250,키움,3,삼성,2,2022-05-31 18:30:00,고척,서울,21.6,5
251,한화,5,NC,10,2022-05-31 18:30:00,대전,대전,22.5,15
252,두산,3,KIA,7,2022-06-01 17:00:00,잠실,서울,26.3,10
253,SSG,2,KT,1,2022-06-01 17:00:00,문학,인천,22.0,3
254,롯데,5,LG,14,2022-06-01 17:00:00,사직,부산,22.4,19
255,키움,2,삼성,4,2022-06-01 17:00:00,고척,서울,26.3,6
256,한화,3,NC,0,2022-06-01 17:00:00,대전,대전,29.9,3
257,두산,3,KIA,4,2022-06-02 18:30:00,잠실,서울,21.6,7
258,SSG,1,KT,14,2022-06-02 18:30:00,문학,인천,19.3,15
259,롯데,2,LG,2,2022-06-02 18:30:00,사직,부산,19.3,4
260,키움,6,삼성,5,2022-06-02 18:30:00,고척,서울,21.6,11
261,한화,3,NC,4,2022-06-02 18:30:00,대전,대전,24.4,7
262,LG,7,SSG,1,2022-06-03 18:30:00,잠실,서울,24.3,8
263,삼성,8,두산,5,2022-06-03 18:30:00,대구,대구,20.6,13
264,NC,5,롯데,1,2022-06-03 18:30:00,창원,창원,20.5,6
265,KT,5,KIA,2,2022-06-03 18:30:00,수원,수원,21.4,7
266,한화,14,키움,2,2022-06-03 18:30:00,대전,대전,28.1,16
267,LG,6,SSG,2,2022-06-04 17:00:00,잠실,서울,29.4,8
268,삼성,8,두산,16,2022-06-04 17:00:00,대구,대구,25.2,24
269,NC,2,롯데,3,2022-06-04 17:00:00,창원,창원,23.6,5
270,KT,4,KIA,3,2022-06-04 17:00:00,수원,수원,28.6,7
271,한화,3,키움,4,2022-06-04 17:00:00,대전,대전,28.7,7
272,LG,0,SSG,2,2022-06-05 17:00:00,잠실,서울,22.0,2
273,KT,2,KIA,2,2022-06-05 17:00:00,수원,수원,20.5,4
274,두산,3,한화,1,2022-06-07 18:30:00,잠실,서울,22.3,4
275,롯데,4,삼성,7,2022-06-07 18:30:00,사직,부산,16.9,11
276,NC,6,SSG,2,2022-06-07 18:30:00,창원,창원,17.3,8
277,키움,3,KT,0,2022-06-07 18:30:00,고척,서울,22.3,3
278,두산,1,한화,5,2022-06-08 18:30:00,잠실,서울,21.6,6
279,롯데,2,삼성,4,2022-06-08 18:30:00,사직,부산,16.8,6
280,NC,2,SSG,2,2022-06-08 18:30:00,창원,창원,17.1,4
281,KIA,7,LG,11,2022-06-08 18:30:00,광주,광주,21.0,18
282,키움,5,KT,5,2022-06-08 18:30:00,고척,서울,21.6,10
283,두산,16,한화,7,2022-06-09 18:30:00,잠실,서울,22.2,23
284,롯데,7,삼성,6,2022-06-09 18:30:00,사직,부산,18.3,13
285,NC,5,SSG,4,2022-06-09 18:30:00,창원,창원,18.2,9
286,KIA,5,LG,1,2022-06-09 18:30:00,광주,광주,22.4,6
287,키움,1,KT,7,2022-06-09 18:30:00,고척,서울,22.2,8
288,LG,10,두산,7,2022-06-10 18:30:00,잠실,서울,20.9,17
289,SSG,9,한화,2,2022-06-10 18:30:00,문학,인천,19.4,11
290,롯데,4,KT,9,2022-06-10 18:30:00,사직,부산,20.0,13
291,삼성,1,NC,9,2022-06-10 18:30:00,대구,대구,24.7,10
292,KIA,6,키움,10,2022-06-10 18:30:00,광주,광주,22.8,16
293,LG,4,두산,5,2022-06-11 17:00:00,잠실,서울,30.1,9
294,SSG,4,한화,2,2022-06-11 17:00:00,문학,인천,28.5,6
295,롯데,0,KT,4,2022-06-11 17:00:00,사직,부산,23.2,4
296,삼성,1,NC,4,2022-06-11 17:00:00,대구,대구,23.5,5
297,KIA,5,키움,2,2022-06-11 17:00:00,광주,광주,22.8,7
298,LG,9,두산,6,2022-06-12 17:00:00,잠실,서울,27.7,15
299,SSG,13,한화,11,2022-06-12 17:00:00,문학,인천,23.7,24
300,롯데,13,KT,0,2022-06-12 17:00:00,사직,부산,20.2,13
301,삼성,4,NC,2,2022-06-12 17:00:00,대구,대구,23.0,6
302,KIA,8,키움,10,2022-06-12 17:00:00,광주,광주,23.5,18
303,LG,7,삼성,0,2022-06-14 18:30:00,잠실,서울,20.6,7
304,KT,5,SSG,4,2022-06-14 18:30:00,수원,수원,20.1,9
305,키움,2,두산,0,2022-06-14 18:30:00,고척,서울,20.6,2
306,LG,3,삼성,6,2022-06-15 18:30:00,잠실,서울,20.0,9
307,NC,7,KIA,2,2022-06-15 18:30:00,창원,창원,21.4,9
308,KT,6,SSG,3,2022-06-15 18:30:00,수원,수원,20.3,9
309,키움,3,두산,4,2022-06-15 18:30:00,고척,서울,20.0,7
310,한화,5,롯데,11,2022-06-15 18:30:00,대전,대전,21.4,16
311,LG,2,삼성,1,2022-06-16 18:30:00,잠실,서울,22.1,3
312,NC,2,KIA,4,2022-06-16 18:30:00,창원,창원,21.6,6
313,KT,0,SSG,6,2022-06-16 18:30:00,수원,수원,21.4,6
314,키움,6,두산,2,2022-06-16 18:30:00,고척,서울,22.1,8
315,한화,0,롯데,3,2022-06-16 18:30:00,대전,대전,23.4,3
316,두산,2,KT,4,2022-06-17 18:30:00,잠실,서울,25.1,6
317,롯데,2,SSG,6,2022-06-17 18:30:00,사직,부산,22.1,8
318,NC,1,한화,1,2022-06-17 18:30:00,창원,창원,22.3,2
319,KIA,5,삼성,3,2022-06-17 18:30:00,광주,광주,24.6,8
320,키움,2,LG,4,2022-06-17 18:30:00,고척,서울,25.1,6
321,키움,2,LG,0,2022-06-18 14:00:00,고척,서울,23.7,2
322,두산,5,KT,0,2022-06-18 17:00:00,잠실,서울,25.0,5
323,롯데,5,SSG,10,2022-06-18 17:00:00,사직,부산,24.2,15
324,NC,3,한화,2,2022-06-18 17:00:00,창원,창원,26.4,5
325,KIA,2,삼성,6,2022-06-18 17:00:00,광주,광주,26.8,8
326,키움,2,LG,4,2022-06-19 14:00:00,고척,서울,24.2,6
327,두산,1,KT,7,2022-06-19 17:00:00,잠실,서울,24.9,8
328,롯데,7,SSG,4,2022-06-19 17:00:00,사직,부산,24.3,11
329,NC,6,한화,3,2022-06-19 17:00:00,창원,창원,26.1,9
330,KIA,3,삼성,7,2022-06-19 17:00:00,광주,광주,30.1,10
331,LG,10,한화,4,2022-06-21 18:30:00,잠실,서울,27.3,14
332,SSG,2,두산,16,2022-06-21 18:30:00,문학,인천,23.8,18
333,삼성,3,키움,4,2022-06-21 18:30:00,대구,대구,29.3,7
334,KT,8,NC,1,2022-06-21 18:30:00,수원,수원,24.1,9
335,KIA,6,롯데,5,2022-06-21 18:30:00,광주,광주,26.6,11
336,LG,6,한화,5,2022-06-22 18:30:00,잠실,서울,26.8,11
337,SSG,6,두산,5,2022-06-22 18:30:00,문학,인천,23.4,11
338,삼성,0,키움,6,2022-06-22 18:30:00,대구,대구,31.2,6
339,KT,0,NC,11,2022-06-22 18:30:00,수원,수원,24.3,11
340,KIA,5,롯데,7,2022-06-22 18:30:00,광주,광주,29.0,12
341,삼성,1,키움,6,2022-06-23 18:30:00,대구,대구,29.1,7
342,KIA,7,롯데,4,2022-06-23 18:30:00,광주,광주,25.3,11
343,두산,3,KIA,4,2022-06-24 18:30:00,잠실,서울,24.2,7
344,SSG,14,NC,2,2022-06-24 18:30:00,문학,인천,22.0,16
345,롯데,5,키움,1,2022-06-24 18:30:00,사직,부산,22.0,6
346,KT,9,LG,6,2022-06-24 18:30:00,수원,수원,24.6,15
347,한화,3,삼성,0,2022-06-24 18:30:00,대전,대전,24.3,3
348,두산,6,KIA,8,2022-06-25 17:00:00,잠실,서울,29.0,14
349,SSG,8,NC,1,2022-06-25 17:00:00,문학,인천,25.8,9
350,롯데,5,키움,13,2022-06-25 17:00:00,사직,부산,23.1,18
351,KT,2,LG,7,2022-06-25 17:00:00,수원,수원,29.6,9
352,한화,2,삼성,5,2022-06-25 17:00:00,대전,대전,31.2,7
353,두산,8,KIA,4,2022-06-26 17:00:00,잠실,서울,27.6,12
354,SSG,7,NC,3,2022-06-26 17:00:00,문학,인천,25.6,10
355,롯데,4,키움,9,2022-06-26 17:00:00,사직,부산,24.1,13
356,KT,1,LG,3,2022-06-26 17:00:00,수원,수원,28.9,4
357,한화,2,삼성,6,2022-06-26 17:00:00,대전,대전,30.7,8
358,LG,5,NC,0,2022-06-28 18:30:00,잠실,서울,27.2,5
359,롯데,3,두산,3,2022-06-28 18:30:00,사직,부산,23.5,6
360,삼성,4,KT,14,2022-06-28 18:30:00,대구,대구,29.0,18
361,키움,5,KIA,2,2022-06-28 18:30:00,고척,서울,27.2,7
362,한화,6,SSG,3,2022-06-28 18:30:00,대전,대전,29.2,9
363,삼성,8,KT,2,2022-06-29 18:30:00,대구,대구,28.3,10
364,키움,1,KIA,0,2022-06-29 18:30:00,고척,서울,25.3,1
365,한화,3,SSG,8,2022-06-29 18:30:00,대전,대전,25.3,11
366,롯데,5,두산,1,2022-06-30 18:30:00,사직,부산,24.6,6
367,삼성,2,KT,13,2022-06-30 18:30:00,대구,대구,30.0,15
368,키움,5,KIA,4,2022-06-30 18:30:00,고척,서울,21.3,9
369,LG,2,롯데,1,2022-07-01 18:30:00,잠실,서울,28.0,3
370,SSG,7,KIA,6,2022-07-01 18:30:00,문학,인천,25.5,13
371,KT,11,두산,7,2022-07-01 18:30:00,수원,수원,27.8,18
372,키움,7,한화,5,2022-07-01 18:30:00,고척,서울,28.0,12
373,키움,3,한화,0,2022-07-02 14:00:00,고척,서울,33.4,3
374,LG,1,롯데,8,2022-07-02 18:00:00,잠실,서울,33.1,9
375,SSG,2,KIA,1,2022-07-02 18:00:00,문학,인천,30.0,3
376,NC,17,삼성,1,2022-07-02 18:00:00,창원,창원,30.8,18
377,KT,8,두산,3,2022-07-02 18:00:00,수원,수원,31.6,11
378,키움,2,한화,1,2022-07-03 14:00:00,고척,서울,33.7,3
379,LG,4,롯데,1,2022-07-03 17:00:00,잠실,서울,32.9,5
380,SSG,3,KIA,2,2022-07-03 17:00:00,문학,인천,30.6,5
381,NC,11,삼성,6,2022-07-03 17:00:00,창원,창원,31.4,17
382,KT,6,두산,0,2022-07-03 17:00:00,수원,수원,31.8,6
383,두산,3,키움,4,2022-07-05 18:30:00,잠실,서울,29.4,7
384,SSG,4,롯데,3,2022-07-05 18:30:00,문학,인천,27.7,7
385,삼성,1,LG,4,2022-07-05 18:30:00,대구,대구,29.5,5
386,한화,0,NC,1,2022-07-05 18:30:00,대전,대전,29.3,1
387,두산,5,키움,2,2022-07-06 18:30:00,잠실,서울,31.8,7
388,SSG,5,롯데,12,2022-07-06 18:30:00,문학,인천,30.8,17
389,삼성,9,LG,10,2022-07-06 18:30:00,대구,대구,27.6,19
390,KIA,1,KT,8,2022-07-06 18:30:00,광주,광주,29.1,9
391,한화,3,NC,4,2022-07-06 18:30:00,대전,대전,29.7,7
392,두산,4,키움,2,2022-07-07 18:30:00,잠실,서울,28.7,6
393,SSG,8,롯데,1,2022-07-07 18:30:00,문학,인천,25.1,9
394,삼성,9,LG,11,2022-07-07 18:30:00,대구,대구,30.0,20
395,한화,12,NC,11,2022-07-07 18:30:00,대전,대전,26.9,23
396,두산,4,LG,11,2022-07-08 18:30:00,잠실,서울,26.4,15
397,삼성,8,SSG,9,2022-07-08 18:30:00,대구,대구,27.4,17
398,KT,6,롯데,3,2022-07-08 18:30:00,수원,수원,26.0,9
399,KIA,5,한화,3,2022-07-08 18:30:00,광주,광주,27.1,8
400,키움,3,NC,2,2022-07-08 18:30:00,고척,서울,26.4,5
401,키움,10,NC,1,2022-07-09 14:00:00,고척,서울,30.7,11
402,두산,6,LG,8,2022-07-09 18:00:00,잠실,서울,30.3,14
403,삼성,10,SSG,13,2022-07-09 18:00:00,대구,대구,32.4,23
404,KT,3,롯데,1,2022-07-09 18:00:00,수원,수원,29.4,4
405,KIA,6,한화,5,2022-07-09 18:00:00,광주,광주,30.2,11
406,키움,2,NC,0,2022-07-10 14:00:00,고척,서울,34.4,2
407,두산,0,LG,9,2022-07-10 17:00:00,잠실,서울,32.1,9
408,삼성,2,SSG,7,2022-07-10 17:00:00,대구,대구,29.7,9
409,KT,1,롯데,9,2022-07-10 17:00:00,수원,수원,31.6,10
410,KIA,6,한화,3,2022-07-10 17:00:00,광주,광주,30.9,9
411,LG,1,KIA,7,2022-07-12 18:30:00,잠실,서울,28.2,8
412,SSG,7,키움,3,2022-07-12 18:30:00,문학,인천,26.7,10
413,롯데,3,한화,2,2022-07-12 18:30:00,사직,부산,24.2,5
414,NC,7,두산,11,2022-07-12 18:30:00,창원,창원,24.2,18
415,KT,4,삼성,3,2022-07-12 18:30:00,수원,수원,28.9,7
416,롯데,2,한화,0,2022-07-13 18:30:00,사직,부산,24.4,2
417,NC,4,두산,1,2022-07-13 18:30:00,창원,창원,24.3,5
418,LG,6,KIA,2,2022-07-14 18:30:00,잠실,서울,26.1,8
419,SSG,4,키움,1,2022-07-14 18:30:00,문학,인천,23.9,5
420,롯데,10,한화,7,2022-07-14 18:30:00,사직,부산,25.6,17
421,NC,3,두산,11,2022-07-14 18:30:00,창원,창원,28.1,14
422,KT,1,삼성,0,2022-07-14 18:30:00,수원,수원,24.4,1
423,두산,0,SSG,1,2022-07-22 18:30:00,잠실,서울,25.6,1
424,롯데,2,KIA,5,2022-07-22 18:30:00,사직,부산,22.9,7
425,NC,5,LG,4,2022-07-22 18:30:00,창원,창원,23.9,9
426,키움,3,삼성,2,2022-07-22 18:30:00,고척,서울,25.6,5
427,한화,8,KT,0,2022-07-22 18:30:00,대전,대전,26.3,8
428,키움,6,삼성,0,2022-07-23 14:00:00,고척,서울,27.6,6
429,롯데,3,KIA,9,2022-07-23 18:00:00,사직,부산,24.3,12
430,NC,5,LG,11,2022-07-23 18:00:00,창원,창원,24.2,16
431,한화,3,KT,5,2022-07-23 18:00:00,대전,대전,27.2,8
432,키움,0,삼성,8,2022-07-24 14:00:00,고척,서울,27.2,8
433,두산,4,SSG,5,2022-07-24 17:00:00,잠실,서울,26.8,9
434,롯데,0,KIA,23,2022-07-24 17:00:00,사직,부산,26.2,23
435,NC,6,LG,1,2022-07-24 17:00:00,창원,창원,28.3,7
436,한화,1,KT,3,2022-07-24 17:00:00,대전,대전,26.2,4
437,두산,6,롯데,1,2022-07-26 18:30:00,잠실,서울,29.9,7
438,SSG,0,LG,9,2022-07-26 18:30:00,문학,인천,27.7,9
439,KT,7,키움,8,2022-07-26 18:30:00,수원,수원,27.7,15
440,KIA,1,NC,9,2022-07-26 18:30:00,광주,광주,28.1,10
441,삼성,2,한화,4,2022-07-26 18:30:00,포항,포항,24.4,6
442,두산,6,롯데,5,2022-07-27 18:30:00,잠실,서울,29.7,11
443,SSG,6,LG,3,2022-07-27 18:30:00,문학,인천,28.8,9
444,KT,5,키움,4,2022-07-27 18:30:00,수원,수원,28.6,9
445,KIA,9,NC,5,2022-07-27 18:30:00,광주,광주,27.6,14
446,삼성,11,한화,10,2022-07-27 18:30:00,포항,포항,25.1,21
447,두산,8,롯데,5,2022-07-28 18:30:00,잠실,서울,31.1,13
448,SSG,5,LG,4,2022-07-28 18:30:00,문학,인천,28.3,9
449,KT,8,키움,2,2022-07-28 18:30:00,수원,수원,30.7,10
450,KIA,2,NC,6,2022-07-28 18:30:00,광주,광주,28.9,8
451,삼성,3,한화,3,2022-07-28 18:30:00,포항,포항,25.5,6
452,LG,4,KT,5,2022-07-29 18:30:00,잠실,서울,30.9,9
453,삼성,8,롯데,7,2022-07-29 18:30:00,대구,대구,29.0,15
454,NC,5,키움,3,2022-07-29 18:30:00,창원,창원,30.3,8
455,KIA,11,SSG,2,2022-07-29 18:30:00,광주,광주,31.0,13
456,한화,3,두산,7,2022-07-29 18:30:00,대전,대전,31.4,10
457,LG,8,KT,7,2022-07-30 18:00:00,잠실,서울,32.5,15
458,삼성,8,롯데,9,2022-07-30 18:00:00,대구,대구,28.6,17
459,NC,3,키움,3,2022-07-30 18:00:00,창원,창원,29.2,6
460,KIA,5,SSG,7,2022-07-30 18:00:00,광주,광주,28.9,12
461,한화,11,두산,1,2022-07-30 18:00:00,대전,대전,29.2,12
462,삼성,5,롯데,5,2022-07-31 17:00:00,대구,대구,28.8,10
463,KIA,2,SSG,3,2022-07-31 17:00:00,광주,광주,25.9,5
464,롯데,4,LG,3,2022-08-02 18:30:00,사직,부산,27.1,7
465,키움,5,SSG,7,2022-08-02 18:30:00,고척,서울,26.5,12
466,한화,5,KIA,4,2022-08-02 18:30:00,대전,대전,28.0,9
467,두산,3,삼성,1,2022-08-03 18:30:00,잠실,서울,27.8,4
468,롯데,1,LG,4,2022-08-03 18:30:00,사직,부산,27.5,5
469,NC,2,KT,15,2022-08-03 18:30:00,창원,창원,27.8,17
470,키움,3,SSG,2,2022-08-03 18:30:00,고척,서울,27.8,5
471,한화,3,KIA,6,2022-08-03 18:30:00,대전,대전,29.1,9
472,두산,2,삼성,9,2022-08-04 18:30:00,잠실,서울,29.0,11
473,롯데,2,LG,12,2022-08-04 18:30:00,사직,부산,28.7,14
474,NC,4,KT,3,2022-08-04 18:30:00,창원,창원,27.6,7
475,키움,5,SSG,6,2022-08-04 18:30:00,고척,서울,29.0,11
476,한화,4,KIA,1,2022-08-04 18:30:00,대전,대전,29.5,5
477,LG,7,키움,8,2022-08-05 18:30:00,잠실,서울,29.6,15
478,SSG,1,삼성,3,2022-08-05 18:30:00,문학,인천,27.6,4
479,롯데,7,NC,2,2022-08-05 18:30:00,사직,부산,29.2,9
480,KT,5,한화,1,2022-08-05 18:30:00,수원,수원,28.4,6
481,KIA,3,두산,5,2022-08-05 18:30:00,광주,광주,29.2,8
482,LG,12,키움,3,2022-08-06 18:00:00,잠실,서울,30.0,15
483,SSG,7,삼성,6,2022-08-06 18:00:00,문학,인천,28.9,13
484,롯데,1,NC,10,2022-08-06 18:00:00,사직,부산,30.1,11
485,KT,4,한화,2,2022-08-06 18:00:00,수원,수원,30.7,6
486,KIA,4,두산,7,2022-08-06 18:00:00,광주,광주,32.7,11
487,LG,5,키움,0,2022-08-07 17:00:00,잠실,서울,30.1,5
488,SSG,7,삼성,6,2022-08-07 17:00:00,문학,인천,28.7,13
489,롯데,0,NC,14,2022-08-07 17:00:00,사직,부산,28.8,14
490,KT,5,한화,6,2022-08-07 17:00:00,수원,수원,30.4,11
491,KIA,5,두산,4,2022-08-07 17:00:00,광주,광주,30.9,9
492,두산,0,NC,11,2022-08-10 18:30:00,잠실,서울,25.4,11
493,SSG,4,KT,2,2022-08-10 18:30:00,문학,인천,23.1,6
494,삼성,3,KIA,2,2022-08-10 18:30:00,대구,대구,28.9,5
495,키움,3,롯데,4,2022-08-10 18:30:00,고척,서울,25.4,7
496,두산,2,NC,3,2022-08-11 18:30:00,잠실,서울,25.9,5
497,SSG,4,KT,2,2022-08-11 18:30:00,문학,인천,23.9,6
498,키움,0,롯데,3,2022-08-11 18:30:00,고척,서울,25.9,3
499,두산,7,NC,1,2022-08-12 18:30:00,잠실,서울,27.8,8
500,SSG,5,KT,9,2022-08-12 18:30:00,문학,인천,25.6,14
501,삼성,7,KIA,6,2022-08-12 18:30:00,대구,대구,31.2,13
502,키움,1,롯데,4,2022-08-12 18:30:00,고척,서울,27.8,5
503,한화,5,LG,6,2022-08-12 18:30:00,대전,대전,27.5,11
504,두산,2,SSG,8,2022-08-13 18:00:00,잠실,서울,27.4,10
505,KT,8,삼성,1,2022-08-13 18:00:00,수원,수원,26.8,9
506,KIA,9,롯데,0,2022-08-13 18:00:00,광주,광주,29.0,9
507,한화,6,키움,8,2022-08-13 18:00:00,대전,대전,26.5,14
508,두산,4,SSG,5,2022-08-14 17:00:00,잠실,서울,28.7,9
509,NC,6,LG,2,2022-08-14 17:00:00,창원,창원,29.8,8
510,KT,3,삼성,2,2022-08-14 17:00:00,수원,수원,26.2,5
511,KIA,1,롯데,5,2022-08-14 17:00:00,광주,광주,30.5,6
512,한화,8,키움,12,2022-08-14 17:00:00,대전,대전,28.7,20
513,LG,6,삼성,3,2022-08-16 18:30:00,잠실,서울,27.1,9
514,KT,5,키움,4,2022-08-16 18:30:00,수원,수원,24.9,9
515,LG,11,삼성,7,2022-08-17 18:30:00,잠실,서울,26.5,18
516,롯데,8,두산,6,2022-08-17 18:30:00,사직,부산,23.0,14
517,NC,6,한화,4,2022-08-17 18:30:00,창원,창원,23.3,10
518,KT,3,키움,2,2022-08-17 18:30:00,수원,수원,24.5,5
519,KIA,4,SSG,3,2022-08-17 18:30:00,광주,광주,25.1,7
520,두산,10,키움,2,2022-08-18 18:30:00,잠실,서울,26.1,12
521,SSG,4,LG,8,2022-08-18 18:30:00,문학,인천,25.0,12
522,롯데,1,KT,0,2022-08-18 18:30:00,사직,부산,24.7,1
523,KIA,8,NC,14,2022-08-18 18:30:00,광주,광주,26.9,22
524,한화,4,삼성,7,2022-08-18 18:30:00,대전,대전,25.6,11
525,롯데,3,KT,4,2022-08-19 18:30:00,사직,부산,27.7,7
526,KIA,12,NC,9,2022-08-19 18:30:00,광주,광주,28.3,21
527,한화,5,삼성,9,2022-08-19 18:30:00,대전,대전,28.1,14
528,키움,7,SSG,14,2022-08-20 14:00:00,고척,서울,31.8,21
529,LG,6,두산,1,2022-08-20 18:00:00,잠실,서울,30.8,7
530,롯데,3,한화,5,2022-08-20 18:00:00,사직,부산,24.8,8
531,KT,2,KIA,5,2022-08-20 18:00:00,수원,수원,28.9,7
532,키움,1,SSG,6,2022-08-21 14:00:00,고척,서울,31.2,7
533,LG,2,두산,4,2022-08-21 17:00:00,잠실,서울,30.9,6
534,롯데,8,한화,1,2022-08-21 17:00:00,사직,부산,26.9,9
535,삼성,2,NC,6,2022-08-21 17:00:00,대구,대구,28.8,8
536,KT,11,KIA,3,2022-08-21 17:00:00,수원,수원,30.2,14
537,두산,1,KT,2,2022-08-23 18:30:00,잠실,서울,26.1,3
538,SSG,7,삼성,3,2022-08-23 18:30:00,문학,인천,24.6,10
539,NC,3,롯데,9,2022-08-23 18:30:00,창원,창원,24.9,12
540,키움,3,KIA,12,2022-08-23 18:30:00,고척,서울,26.1,15
541,한화,6,LG,4,2022-08-23 18:30:00,대전,대전,23.8,10
542,두산,1,KT,5,2022-08-24 18:30:00,잠실,서울,25.0,6
543,SSG,4,삼성,2,2022-08-24 18:30:00,문학,인천,24.6,6
544,NC,1,롯데,2,2022-08-24 18:30:00,창원,창원,21.8,3
545,키움,11,KIA,10,2022-08-24 18:30:00,고척,서울,25.0,21
546,한화,2,LG,9,2022-08-24 18:30:00,대전,대전,22.8,11
547,LG,0,KIA,1,2022-08-25 18:30:00,잠실,서울,21.9,1
548,롯데,5,삼성,9,2022-08-25 18:30:00,사직,부산,25.0,14
549,NC,9,키움,10,2022-08-25 18:30:00,창원,창원,24.5,19
550,KT,5,SSG,4,2022-08-25 18:30:00,수원,수원,21.9,9
551,한화,4,두산,0,2022-08-25 18:30:00,대전,대전,19.0,4
552,LG,3,KIA,1,2022-08-26 18:30:00,잠실,서울,24.1,4
553,롯데,8,삼성,3,2022-08-26 18:30:00,사직,부산,24.1,11
554,NC,3,키움,6,2022-08-26 18:30:00,창원,창원,23.7,9
555,KT,12,SSG,3,2022-08-26 18:30:00,수원,수원,23.8,15
556,한화,2,두산,1,2022-08-26 18:30:00,대전,대전,24.1,3
557,LG,1,키움,0,2022-08-27 18:00:00,잠실,서울,24.5,1
558,SSG,10,롯데,0,2022-08-27 18:00:00,문학,인천,23.7,10
559,삼성,7,한화,4,2022-08-27 18:00:00,대구,대구,26.7,11
560,NC,9,KT,2,2022-08-27 18:00:00,창원,창원,25.7,11
561,KIA,1,두산,2,2022-08-27 18:00:00,광주,광주,24.8,3
562,LG,7,키움,0,2022-08-28 17:00:00,잠실,서울,27.0,7
563,SSG,2,롯데,4,2022-08-28 17:00:00,문학,인천,25.3,6
564,삼성,5,한화,4,2022-08-28 17:00:00,대구,대구,25.2,9
565,NC,5,KT,0,2022-08-28 17:00:00,창원,창원,23.6,5
566,KIA,11,두산,6,2022-08-28 17:00:00,광주,광주,25.6,17
567,키움,6,롯데,5,2022-08-30 18:30:00,고척,서울,19.6,11
568,LG,5,NC,3,2022-08-31 18:30:00,잠실,서울,22.4,8
569,삼성,2,SSG,1,2022-08-31 18:30:00,대구,대구,21.8,3
570,KT,5,두산,2,2022-08-31 18:30:00,수원,수원,21.5,7
571,키움,5,롯데,4,2022-08-31 18:30:00,고척,서울,22.4,9
572,한화,3,KIA,4,2022-08-31 18:30:00,대전,대전,21.0,7
573,두산,2,롯데,1,2022-09-01 18:30:00,잠실,서울,26.0,3
574,SSG,2,NC,3,2022-09-01 18:30:00,문학,인천,24.8,5
575,KT,1,LG,3,2022-09-01 18:30:00,수원,수원,24.3,4
576,KIA,1,삼성,4,2022-09-01 18:30:00,광주,광주,23.1,5
577,키움,7,한화,1,2022-09-01 18:30:00,고척,서울,26.0,8
578,두산,4,롯데,16,2022-09-02 18:30:00,잠실,서울,25.8,20
579,SSG,5,NC,3,2022-09-02 18:30:00,문학,인천,26.5,8
580,KT,1,LG,2,2022-09-02 18:30:00,수원,수원,26.1,3
581,KIA,8,삼성,3,2022-09-02 18:30:00,광주,광주,23.3,11
582,키움,4,한화,0,2022-09-02 18:30:00,고척,서울,25.8,4
583,두산,1,삼성,4,2022-09-03 17:00:00,잠실,서울,26.6,5
584,SSG,1,키움,2,2022-09-03 17:00:00,문학,인천,26.8,3
585,KIA,1,KT,5,2022-09-03 17:00:00,광주,광주,26.3,6
586,한화,7,NC,3,2022-09-03 17:00:00,대전,대전,23.8,10
587,롯데,1,LG,14,2022-09-04 14:00:00,사직,부산,28.7,15
588,KIA,2,KT,6,2022-09-04 14:00:00,광주,광주,30.7,8
589,한화,10,NC,1,2022-09-04 14:00:00,대전,대전,27.4,11
590,LG,6,SSG,8,2022-09-06 18:30:00,잠실,서울,22.1,14
591,삼성,11,키움,4,2022-09-06 18:30:00,대구,대구,22.5,15
592,NC,4,두산,3,2022-09-06 18:30:00,창원,창원,22.8,7
593,KT,8,한화,5,2022-09-06 18:30:00,수원,수원,21.1,13
594,롯데,6,KIA,3,2022-09-06 18:30:00,울산,울산,22.4,9
595,LG,2,SSG,2,2022-09-07 18:30:00,잠실,서울,22.9,4
596,삼성,2,키움,1,2022-09-07 18:30:00,대구,대구,22.5,3
597,NC,16,두산,5,2022-09-07 18:30:00,창원,창원,21.9,21
598,KT,4,한화,2,2022-09-07 18:30:00,수원,수원,22.1,6
599,롯데,6,KIA,12,2022-09-07 18:30:00,울산,울산,20.4,18
600,두산,4,한화,5,2022-09-08 18:30:00,잠실,서울,24.8,9
601,SSG,4,KIA,9,2022-09-08 18:30:00,문학,인천,22.8,13
602,삼성,1,롯데,2,2022-09-08 18:30:00,대구,대구,22.2,3
603,KT,3,NC,8,2022-09-08 18:30:00,수원,수원,22.3,11
604,키움,3,LG,2,2022-09-08 18:30:00,고척,서울,24.8,5
605,두산,11,한화,0,2022-09-09 14:00:00,잠실,서울,30.2,11
606,SSG,9,KIA,16,2022-09-09 14:00:00,문학,인천,28.7,25
607,삼성,4,롯데,0,2022-09-09 14:00:00,대구,대구,27.3,4
608,KT,1,NC,17,2022-09-09 14:00:00,수원,수원,29.2,18
609,키움,3,LG,6,2022-09-09 14:00:00,고척,서울,30.2,9
610,두산,0,KIA,3,2022-09-10 14:00:00,잠실,서울,27.8,3
611,롯데,3,NC,6,2022-09-10 17:00:00,사직,부산,23.3,9
612,삼성,1,LG,10,2022-09-10 17:00:00,대구,대구,23.1,11
613,키움,1,KT,2,2022-09-10 17:00:00,고척,서울,26.9,3
614,한화,5,SSG,0,2022-09-10 17:00:00,대전,대전,23.3,5
615,두산,6,KIA,3,2022-09-11 14:00:00,잠실,서울,25.9,9
616,롯데,6,NC,11,2022-09-11 14:00:00,사직,부산,27.5,17
617,삼성,3,LG,1,2022-09-11 14:00:00,대구,대구,26.7,4
618,키움,5,KT,0,2022-09-11 14:00:00,고척,서울,25.9,5
619,한화,1,SSG,12,2022-09-11 14:00:00,대전,대전,28.3,13
620,두산,0,LG,5,2022-09-13 18:30:00,잠실,서울,25.2,5
621,롯데,9,SSG,8,2022-09-13 18:30:00,사직,부산,23.5,17
622,NC,1,삼성,3,2022-09-13 18:30:00,창원,창원,24.6,4
623,KIA,1,키움,4,2022-09-13 18:30:00,광주,광주,24.3,5
624,한화,2,KT,5,2022-09-13 18:30:00,대전,대전,25.1,7
625,두산,5,LG,0,2022-09-14 18:30:00,잠실,서울,23.8,5
626,롯데,1,SSG,3,2022-09-14 18:30:00,사직,부산,23.6,4
627,NC,7,삼성,2,2022-09-14 18:30:00,창원,창원,24.3,9
628,KIA,0,키움,2,2022-09-14 18:30:00,광주,광주,24.9,2
629,한화,4,KT,1,2022-09-14 18:30:00,대전,대전,24.5,5
630,LG,2,KT,0,2022-09-15 18:30:00,잠실,서울,26.3,2
631,롯데,4,키움,2,2022-09-15 18:30:00,사직,부산,22.7,6
632,삼성,13,두산,3,2022-09-15 18:30:00,대구,대구,22.6,16
633,NC,6,SSG,0,2022-09-15 18:30:00,창원,창원,23.5,6
634,KIA,1,한화,2,2022-09-15 18:30:00,광주,광주,26.0,3
635,롯데,10,키움,12,2022-09-16 18:30:00,사직,부산,24.3,22
636,삼성,11,두산,13,2022-09-16 18:30:00,대구,대구,25.8,24
637,NC,0,SSG,10,2022-09-16 18:30:00,창원,창원,25.5,10
638,KIA,6,한화,7,2022-09-16 18:30:00,광주,광주,26.9,13
639,LG,4,한화,1,2022-09-17 17:00:00,잠실,서울,28.8,5
640,SSG,1,두산,4,2022-09-17 17:00:00,문학,인천,27.0,5
641,삼성,10,KIA,1,2022-09-17 17:00:00,대구,대구,28.6,11
642,KT,0,롯데,2,2022-09-17 17:00:00,수원,수원,27.6,2
643,키움,10,NC,3,2022-09-17 17:00:00,고척,서울,28.8,13
644,LG,1,한화,5,2022-09-18 14:00:00,잠실,서울,32.0,6
645,SSG,14,두산,13,2022-09-18 14:00:00,문학,인천,30.5,27
646,삼성,9,KIA,6,2022-09-18 14:00:00,대구,대구,30.0,15
647,KT,6,롯데,3,2022-09-18 14:00:00,수원,수원,31.0,9
648,키움,1,NC,5,2022-09-18 14:00:00,고척,서울,32.0,6
649,두산,8,NC,2,2022-09-20 18:30:00,잠실,서울,19.9,10
650,SSG,4,KT,2,2022-09-20 18:30:00,문학,인천,19.0,6
651,KIA,1,LG,11,2022-09-20 18:30:00,광주,광주,21.3,12
652,키움,2,삼성,10,2022-09-20 18:30:00,고척,서울,19.9,12
653,한화,6,롯데,8,2022-09-20 18:30:00,대전,대전,18.4,14
654,두산,1,NC,5,2022-09-21 18:30:00,잠실,서울,20.9,6
655,SSG,3,KT,4,2022-09-21 18:30:00,문학,인천,19.2,7
656,KIA,2,LG,11,2022-09-21 18:30:00,광주,광주,20.5,13
657,키움,5,삼성,4,2022-09-21 18:30:00,고척,서울,20.9,9
658,한화,0,롯데,9,2022-09-21 18:30:00,대전,대전,19.2,9
659,LG,1,롯데,7,2022-09-22 18:30:00,잠실,서울,21.3,8
660,SSG,10,한화,1,2022-09-22 18:30:00,문학,인천,20.5,11
661,삼성,7,KT,9,2022-09-22 18:30:00,대구,대구,21.1,16
662,NC,1,KIA,3,2022-09-22 18:30:00,창원,창원,20.7,4
663,키움,2,두산,5,2022-09-22 18:30:00,고척,서울,21.3,7
664,LG,1,롯데,0,2022-09-23 18:30:00,잠실,서울,16.8,1
665,SSG,5,한화,4,2022-09-23 18:30:00,문학,인천,16.6,9
666,삼성,5,KT,3,2022-09-23 18:30:00,대구,대구,20.5,8
667,NC,5,KIA,2,2022-09-23 18:30:00,창원,창원,22.4,7
668,키움,5,두산,1,2022-09-23 18:30:00,고척,서울,16.8,6
669,LG,0,한화,2,2022-09-24 17:00:00,잠실,서울,22.1,2
670,SSG,14,두산,5,2022-09-24 17:00:00,문학,인천,21.1,19
671,NC,0,KIA,3,2022-09-24 17:00:00,창원,창원,21.9,3
672,키움,9,롯데,5,2022-09-24 17:00:00,고척,서울,22.1,14
673,두산,5,한화,3,2022-09-25 14:00:00,잠실,서울,25.0,8
674,SSG,2,LG,6,2022-09-25 14:00:00,문학,인천,23.5,8
675,삼성,3,KIA,4,2022-09-25 14:00:00,대구,대구,22.0,7
676,NC,1,KT,9,2022-09-25 14:00:00,창원,창원,20.9,10
677,NC,6,키움,5,2022-09-27 18:30:00,창원,창원,20.9,11
678,KT,5,두산,4,2022-09-27 18:30:00,수원,수원,20.1,9
679,한화,0,LG,1,2022-09-27 18:30:00,대전,대전,20.1,1
680,NC,4,삼성,3,2022-09-28 18:30:00,창원,창원,21.0,7
681,KT,8,두산,0,2022-09-28 18:30:00,수원,수원,20.2,8
682,한화,1,LG,4,2022-09-28 18:30:00,대전,대전,19.5,5
683,LG,3,KT,5,2022-09-29 18:30:00,잠실,서울,20.6,8
684,SSG,9,키움,14,2022-09-29 18:30:00,문학,인천,19.3,23
685,삼성,3,NC,0,2022-09-29 18:30:00,대구,대구,21.4,3
686,KIA,5,롯데,4,2022-09-29 18:30:00,광주,광주,20.3,9
687,한화,5,두산,6,2022-09-29 18:30:00,대전,대전,18.6,11
688,LG,2,NC,1,2022-09-30 18:30:00,잠실,서울,21.8,3
689,SSG,7,키움,3,2022-09-30 18:30:00,문학,인천,19.2,10
690,삼성,11,두산,3,2022-09-30 18:30:00,대구,대구,22.4,14
691,한화,5,롯데,6,2022-09-30 18:30:00,대전,대전,19.1,11
692,LG,1,NC,2,2022-10-01 17:00:00,잠실,서울,24.1,3
693,삼성,4,두산,3,2022-10-01 17:00:00,대구,대구,27.0,7
694,KIA,2,SSG,3,2022-10-01 17:00:00,광주,광주,27.4,5
695,LG,0,NC,2,2022-10-02 14:00:00,잠실,서울,21.1,2
696,롯데,3,두산,1,2022-10-02 14:00:00,사직,부산,27.8,4
697,한화,1,KIA,10,2022-10-02 14:00:00,대전,대전,25.3,11
698,롯데,3,두산,9,2022-10-03 14:00:00,사직,부산,24.3,12
699,한화,7,SSG,4,2022-10-03 14:00:00,대전,대전,25.8,11
700,LG,3,KIA,8,2022-10-04 18:30:00,잠실,서울,16.4,11
701,KT,7,삼성,3,2022-10-04 18:30:00,수원,수원,17.4,10
702,두산,5,SSG,2,2022-10-05 18:30:00,잠실,서울,16.7,7
703,NC,7,롯데,3,2022-10-05 18:30:00,창원,창원,18.2,10
704,KT,4,삼성,7,2022-10-05 18:30:00,수원,수원,15.4,11
705,KIA,2,LG,10,2022-10-05 18:30:00,광주,광주,15.4,12
706,두산,5,삼성,4,2022-10-06 18:30:00,잠실,서울,16.0,9
707,NC,6,SSG,1,2022-10-06 18:30:00,창원,창원,17.5,7
708,KIA,4,LG,3,2022-10-06 18:30:00,광주,광주,16.5,7
709,한화,3,키움,2,2022-10-06 18:30:00,대전,대전,16.2,5
710,두산,2,삼성,8,2022-10-07 18:30:00,잠실,서울,15.0,10
711,NC,2,LG,7,2022-10-07 18:30:00,창원,창원,16.8,9
712,KIA,11,KT,1,2022-10-07 18:30:00,광주,광주,15.7,12
713,두산,1,키움,5,2022-10-08 17:00:00,잠실,서울,18.7,6
714,롯데,3,LG,2,2022-10-08 17:00:00,사직,부산,17.3,5
715,삼성,6,SSG,1,2022-10-08 17:00:00,대구,대구,17.0,7
716,NC,6,한화,5,2022-10-08 17:00:00,창원,창원,17.6,11
717,KIA,2,KT,7,2022-10-08 17:00:00,광주,광주,18.9,9
718,KT,5,NC,2,2022-10-10 14:00:00,수원,수원,10.5,7
719,LG,6,KT,5,2022-10-11 18:30:00,잠실,서울,12.2,11
