,Home,Home_Score,Away,Away_Score,Datetime,Stadium,Region,Temperature,Total_Score,Expected_Total_Score,Actually-Expected
0,두산,6,한화,4,2022-04-02 14:00:00,잠실,서울,13.7,10,8.347222222222221,1.6527777777777786
1,NC,0,SSG,4,2022-04-02 14:00:00,창원,창원,12.9,4,9.48611111111111,-5.486111111111111
2,KT,4,삼성,1,2022-04-02 14:00:00,수원,수원,12.5,5,8.98611111111111,-3.9861111111111107
3,KIA,0,LG,9,2022-04-02 14:00:00,광주,광주,14.7,9,9.965277777777779,-0.9652777777777786
4,키움,2,롯데,7,2022-04-02 14:00:00,고척,서울,13.7,9,8.51388888888889,0.4861111111111107
5,두산,1,한화,0,2022-04-03 14:00:00,잠실,서울,16.3,1,8.347222222222221,-7.347222222222221
6,NC,1,SSG,4,2022-04-03 14:00:00,창원,창원,15.4,5,9.48611111111111,-4.486111111111111
7,KT,5,삼성,6,2022-04-03 14:00:00,수원,수원,15.0,11,8.98611111111111,2.0138888888888893
8,KIA,2,LG,3,2022-04-03 14:00:00,광주,광주,17.5,5,9.965277777777779,-4.965277777777779
9,키움,4,롯데,3,2022-04-03 14:00:00,고척,서울,16.3,7,8.51388888888889,-1.5138888888888893
10,두산,5,삼성,6,2022-04-05 18:30:00,잠실,서울,11.4,11,9.034722222222221,1.9652777777777786
11,NC,1,롯데,5,2022-04-05 18:30:00,창원,창원,12.3,6,8.6875,-2.6875
12,KT,5,SSG,8,2022-04-05 18:30:00,수원,수원,11.3,13,9.381944444444445,3.6180555555555554
13,KIA,4,한화,3,2022-04-05 18:30:00,광주,광주,12.4,7,8.916666666666666,-1.916666666666666
14,키움,4,LG,8,2022-04-05 18:30:00,고척,서울,11.4,12,9.277777777777779,2.7222222222222214
15,두산,1,삼성,7,2022-04-06 18:30:00,잠실,서울,11.9,8,9.034722222222221,-1.0347222222222214
16,NC,5,롯데,0,2022-04-06 18:30:00,창원,창원,13.7,5,8.6875,-3.6875
17,KT,0,SSG,3,2022-04-06 18:30:00,수원,수원,10.0,3,9.381944444444445,-6.381944444444445
18,KIA,7,한화,4,2022-04-06 18:30:00,광주,광주,13.3,11,8.916666666666666,2.083333333333334
19,키움,1,LG,2,2022-04-06 18:30:00,고척,서울,11.9,3,9.277777777777779,-6.277777777777779
20,두산,6,삼성,5,2022-04-07 18:30:00,잠실,서울,9.4,11,9.034722222222221,1.9652777777777786
21,NC,1,롯데,2,2022-04-07 18:30:00,창원,창원,17.3,3,8.6875,-5.6875
22,KT,3,SSG,4,2022-04-07 18:30:00,수원,수원,8.9,7,9.381944444444445,-2.3819444444444446
23,KIA,6,한화,2,2022-04-07 18:30:00,광주,광주,13.0,8,8.916666666666666,-0.9166666666666661
24,키움,0,LG,6,2022-04-07 18:30:00,고척,서울,9.4,6,9.277777777777779,-3.2777777777777786
25,LG,1,NC,4,2022-04-08 18:30:00,잠실,서울,15.4,5,9.45138888888889,-4.451388888888889
26,SSG,3,KIA,0,2022-04-08 18:30:00,문학,인천,13.3,3,10.0,-7.0
27,롯데,1,두산,6,2022-04-08 18:30:00,사직,부산,14.3,7,8.631944444444445,-1.6319444444444446
28,삼성,0,키움,1,2022-04-08 18:30:00,대구,대구,19.3,1,8.916666666666668,-7.916666666666668
29,한화,2,KT,4,2022-04-08 18:30:00,대전,대전,17.6,6,8.29861111111111,-2.2986111111111107
30,LG,7,NC,6,2022-04-09 17:00:00,잠실,서울,21.4,13,9.45138888888889,3.5486111111111107
31,SSG,9,KIA,5,2022-04-09 17:00:00,문학,인천,18.0,14,10.0,4.0
32,롯데,5,두산,4,2022-04-09 17:00:00,사직,부산,18.8,9,8.631944444444445,0.36805555555555536
33,삼성,0,키움,3,2022-04-09 17:00:00,대구,대구,25.1,3,8.916666666666668,-5.916666666666668
34,한화,7,KT,1,2022-04-09 17:00:00,대전,대전,23.4,8,8.29861111111111,-0.2986111111111107
35,LG,5,NC,3,2022-04-10 14:00:00,잠실,서울,25.0,8,9.45138888888889,-1.4513888888888893
36,SSG,11,KIA,2,2022-04-10 14:00:00,문학,인천,20.2,13,10.0,3.0
37,롯데,3,두산,4,2022-04-10 14:00:00,사직,부산,21.1,7,8.631944444444445,-1.6319444444444446
38,삼성,5,키움,6,2022-04-10 14:00:00,대구,대구,27.1,11,8.916666666666668,2.083333333333332
39,한화,6,KT,4,2022-04-10 14:00:00,대전,대전,27.0,10,8.29861111111111,1.7013888888888893
40,LG,1,SSG,4,2022-04-12 18:30:00,잠실,서울,17.0,5,9.965277777777779,-4.965277777777779
41,삼성,2,한화,0,2022-04-12 18:30:00,대구,대구,24.8,2,8.520833333333334,-6.520833333333334
42,KT,1,두산,3,2022-04-12 18:30:00,수원,수원,14.6,4,8.8125,-4.8125
43,KIA,6,롯데,5,2022-04-12 18:30:00,광주,광주,20.5,11,9.20138888888889,1.7986111111111107
44,키움,10,NC,0,2022-04-12 18:30:00,고척,서울,17.0,10,8.79861111111111,1.2013888888888893
45,LG,2,SSG,4,2022-04-13 18:30:00,잠실,서울,12.2,6,9.965277777777779,-3.9652777777777786
46,삼성,12,한화,1,2022-04-13 18:30:00,대구,대구,10.2,13,8.520833333333334,4.479166666666666
47,키움,5,NC,4,2022-04-13 18:30:00,고척,서울,12.2,9,8.79861111111111,0.20138888888888928
48,LG,5,SSG,1,2022-04-14 18:30:00,잠실,서울,13.4,6,9.965277777777779,-3.9652777777777786
49,삼성,8,한화,3,2022-04-14 18:30:00,대구,대구,11.0,11,8.520833333333334,2.479166666666666
50,KT,4,두산,5,2022-04-14 18:30:00,수원,수원,13.0,9,8.8125,0.1875
51,KIA,2,롯데,3,2022-04-14 18:30:00,광주,광주,16.9,5,9.20138888888889,-4.201388888888889
52,키움,1,NC,0,2022-04-14 18:30:00,고척,서울,13.4,1,8.79861111111111,-7.798611111111111
53,두산,2,키움,4,2022-04-15 18:30:00,잠실,서울,14.0,6,8.743055555555555,-2.7430555555555554
54,SSG,5,삼성,0,2022-04-15 18:30:00,문학,인천,12.5,5,9.604166666666668,-4.604166666666668
55,롯데,9,KT,7,2022-04-15 18:30:00,사직,부산,10.4,16,8.583333333333334,7.416666666666666
56,NC,5,KIA,0,2022-04-15 18:30:00,창원,창원,11.7,5,9.48611111111111,-4.486111111111111
57,한화,7,LG,3,2022-04-15 18:30:00,대전,대전,12.9,10,8.881944444444445,1.1180555555555554
58,SSG,6,삼성,2,2022-04-16 14:00:00,문학,인천,15.5,8,9.604166666666668,-1.6041666666666679
59,두산,4,키움,1,2022-04-16 17:00:00,잠실,서울,17.2,5,8.743055555555555,-3.7430555555555554
60,롯데,0,KT,8,2022-04-16 17:00:00,사직,부산,13.4,8,8.583333333333334,-0.5833333333333339
61,NC,0,KIA,14,2022-04-16 17:00:00,창원,창원,12.5,14,9.48611111111111,4.513888888888889
62,한화,2,LG,6,2022-04-16 17:00:00,대전,대전,18.3,8,8.881944444444445,-0.8819444444444446
63,두산,2,키움,6,2022-04-17 14:00:00,잠실,서울,21.2,8,8.743055555555555,-0.7430555555555554
64,SSG,7,삼성,5,2022-04-17 14:00:00,문학,인천,14.3,12,9.604166666666668,2.395833333333332
65,롯데,3,KT,0,2022-04-17 14:00:00,사직,부산,18.4,3,8.583333333333334,-5.583333333333334
66,NC,3,KIA,4,2022-04-17 14:00:00,창원,창원,20.6,7,9.48611111111111,-2.4861111111111107
67,한화,7,LG,8,2022-04-17 14:00:00,대전,대전,21.8,15,8.881944444444445,6.118055555555555
68,LG,0,KT,5,2022-04-19 18:30:00,잠실,서울,15.7,5,9.347222222222221,-4.347222222222221
69,SSG,5,키움,8,2022-04-19 18:30:00,문학,인천,11.0,13,9.3125,3.6875
70,롯데,2,한화,6,2022-04-19 18:30:00,사직,부산,15.6,8,8.118055555555555,-0.11805555555555536
71,NC,11,삼성,8,2022-04-19 18:30:00,창원,창원,16.6,19,9.090277777777779,9.909722222222221
72,KIA,6,두산,3,2022-04-19 18:30:00,광주,광주,16.5,9,9.430555555555555,-0.43055555555555536
73,LG,3,KT,5,2022-04-20 18:30:00,잠실,서울,16.5,8,9.347222222222221,-1.3472222222222214
74,SSG,6,키움,1,2022-04-20 18:30:00,문학,인천,12.2,7,9.3125,-2.3125
75,롯데,7,한화,0,2022-04-20 18:30:00,사직,부산,17.9,7,8.118055555555555,-1.1180555555555554
76,NC,3,삼성,0,2022-04-20 18:30:00,창원,창원,17.3,3,9.090277777777779,-6.090277777777779
77,KIA,3,두산,4,2022-04-20 18:30:00,광주,광주,17.0,7,9.430555555555555,-2.4305555555555554
78,LG,2,KT,6,2022-04-21 18:30:00,잠실,서울,17.0,8,9.347222222222221,-1.3472222222222214
79,SSG,4,키움,2,2022-04-21 18:30:00,문학,인천,14.0,6,9.3125,-3.3125
80,롯데,6,한화,7,2022-04-21 18:30:00,사직,부산,12.6,13,8.118055555555555,4.881944444444445
81,NC,3,삼성,10,2022-04-21 18:30:00,창원,창원,11.4,13,9.090277777777779,3.9097222222222214
82,KIA,1,두산,2,2022-04-21 18:30:00,광주,광주,16.6,3,9.430555555555555,-6.430555555555555
83,두산,1,LG,5,2022-04-22 18:30:00,잠실,서울,14.2,6,9.395833333333332,-3.395833333333332
84,삼성,2,롯데,8,2022-04-22 18:30:00,대구,대구,22.1,10,8.805555555555557,1.1944444444444429
85,KT,4,NC,3,2022-04-22 18:30:00,수원,수원,13.9,7,8.868055555555555,-1.8680555555555554
86,키움,4,KIA,5,2022-04-22 18:30:00,고척,서울,14.2,9,9.3125,-0.3125
87,한화,2,SSG,0,2022-04-22 18:30:00,대전,대전,16.0,2,8.916666666666666,-6.916666666666666
88,키움,3,KIA,1,2022-04-23 14:00:00,고척,서울,24.7,4,9.3125,-5.3125
89,두산,4,LG,2,2022-04-23 17:00:00,잠실,서울,24.3,6,9.395833333333332,-3.395833333333332
90,삼성,2,롯데,4,2022-04-23 17:00:00,대구,대구,20.3,6,8.805555555555557,-2.805555555555557
91,KT,4,NC,3,2022-04-23 17:00:00,수원,수원,22.1,7,8.868055555555555,-1.8680555555555554
92,한화,9,SSG,2,2022-04-23 17:00:00,대전,대전,24.1,11,8.916666666666666,2.083333333333334
93,두산,0,LG,5,2022-04-24 14:00:00,잠실,서울,24.1,5,9.395833333333332,-4.395833333333332
94,삼성,4,롯데,7,2022-04-24 14:00:00,대구,대구,28.8,11,8.805555555555557,2.194444444444443
95,KT,1,NC,2,2022-04-24 14:00:00,수원,수원,24.0,3,8.868055555555555,-5.868055555555555
96,키움,2,KIA,14,2022-04-24 14:00:00,고척,서울,24.1,16,9.3125,6.6875
97,한화,1,SSG,3,2022-04-24 14:00:00,대전,대전,26.7,4,8.916666666666666,-4.916666666666666
98,두산,8,NC,4,2022-04-26 18:30:00,잠실,서울,22.7,12,8.916666666666666,3.083333333333334
99,롯데,1,SSG,8,2022-04-26 18:30:00,사직,부산,17.0,9,9.20138888888889,-0.20138888888888928
100,삼성,7,LG,4,2022-04-26 18:30:00,대구,대구,19.7,11,9.569444444444445,1.4305555555555554
101,KT,5,KIA,10,2022-04-26 18:30:00,수원,수원,19.9,15,9.381944444444445,5.618055555555555
102,한화,5,키움,2,2022-04-26 18:30:00,대전,대전,20.5,7,8.229166666666666,-1.229166666666666
103,두산,6,NC,5,2022-04-27 18:30:00,잠실,서울,18.0,11,8.916666666666666,2.083333333333334
104,롯데,1,SSG,1,2022-04-27 18:30:00,사직,부산,14.2,2,9.20138888888889,-7.201388888888889
105,삼성,0,LG,7,2022-04-27 18:30:00,대구,대구,15.4,7,9.569444444444445,-2.5694444444444446
106,KT,3,KIA,1,2022-04-27 18:30:00,수원,수원,15.0,4,9.381944444444445,-5.381944444444445
107,한화,0,키움,7,2022-04-27 18:30:00,대전,대전,18.6,7,8.229166666666666,-1.229166666666666
108,두산,5,NC,9,2022-04-28 18:30:00,잠실,서울,19.0,14,8.916666666666666,5.083333333333334
109,롯데,4,SSG,1,2022-04-28 18:30:00,사직,부산,15.2,5,9.20138888888889,-4.201388888888889
110,삼성,4,LG,6,2022-04-28 18:30:00,대구,대구,15.0,10,9.569444444444445,0.43055555555555536
111,KT,5,KIA,3,2022-04-28 18:30:00,수원,수원,15.1,8,9.381944444444445,-1.3819444444444446
112,한화,1,키움,3,2022-04-28 18:30:00,대전,대전,18.1,4,8.229166666666666,-4.229166666666666
113,LG,4,롯데,9,2022-04-29 18:30:00,잠실,서울,14.4,13,9.166666666666668,3.833333333333332
114,SSG,8,두산,7,2022-04-29 18:30:00,문학,인천,14.1,15,9.430555555555555,5.569444444444445
115,NC,9,한화,4,2022-04-29 18:30:00,창원,창원,11.4,13,8.402777777777777,4.597222222222223
116,KIA,3,삼성,4,2022-04-29 18:30:00,광주,광주,14.8,7,9.604166666666668,-2.604166666666668
117,키움,4,KT,6,2022-04-29 18:30:00,고척,서울,14.4,10,8.694444444444445,1.3055555555555554
118,KIA,4,삼성,5,2022-04-30 14:00:00,광주,광주,14.9,9,9.604166666666668,-0.6041666666666679
119,LG,1,롯데,3,2022-04-30 17:00:00,잠실,서울,13.6,4,9.166666666666668,-5.166666666666668
120,SSG,2,두산,1,2022-04-30 17:00:00,문학,인천,11.6,3,9.430555555555555,-6.430555555555555
121,NC,0,한화,2,2022-04-30 17:00:00,창원,창원,15.0,2,8.402777777777777,-6.402777777777777
122,키움,4,KT,1,2022-04-30 17:00:00,고척,서울,13.6,5,8.694444444444445,-3.6944444444444446
123,LG,0,롯데,4,2022-05-01 14:00:00,잠실,서울,18.8,4,9.166666666666668,-5.166666666666668
124,SSG,0,두산,9,2022-05-01 14:00:00,문학,인천,15.1,9,9.430555555555555,-0.43055555555555536
125,NC,1,한화,2,2022-05-01 14:00:00,창원,창원,19.6,3,8.402777777777777,-5.402777777777777
126,KIA,3,삼성,6,2022-05-01 14:00:00,광주,광주,19.0,9,9.604166666666668,-0.6041666666666679
127,키움,9,KT,3,2022-05-01 14:00:00,고척,서울,18.8,12,8.694444444444445,3.3055555555555554
128,LG,4,두산,3,2022-05-03 18:30:00,잠실,서울,15.1,7,9.395833333333332,-2.395833333333332
129,SSG,4,한화,2,2022-05-03 18:30:00,문학,인천,12.5,6,8.916666666666666,-2.916666666666666
130,삼성,6,NC,10,2022-05-03 18:30:00,대구,대구,20.0,16,9.090277777777779,6.909722222222221
131,KT,10,롯데,5,2022-05-03 18:30:00,수원,수원,14.6,15,8.583333333333334,6.416666666666666
132,KIA,1,키움,7,2022-05-03 18:30:00,광주,광주,16.3,8,9.3125,-1.3125
133,LG,2,두산,5,2022-05-04 18:30:00,잠실,서울,19.8,7,9.395833333333332,-2.395833333333332
134,SSG,5,한화,8,2022-05-04 18:30:00,문학,인천,16.5,13,8.916666666666666,4.083333333333334
135,삼성,11,NC,5,2022-05-04 18:30:00,대구,대구,21.2,16,9.090277777777779,6.909722222222221
136,KT,0,롯데,5,2022-05-04 18:30:00,수원,수원,18.7,5,8.583333333333334,-3.583333333333334
137,KIA,4,키움,3,2022-05-04 18:30:00,광주,광주,18.9,7,9.3125,-2.3125
138,LG,4,두산,9,2022-05-05 14:00:00,잠실,서울,25.7,13,9.395833333333332,3.604166666666668
139,SSG,14,한화,4,2022-05-05 14:00:00,문학,인천,21.5,18,8.916666666666666,9.083333333333334
140,삼성,5,NC,2,2022-05-05 14:00:00,대구,대구,27.4,7,9.090277777777779,-2.0902777777777786
141,KT,8,롯데,2,2022-05-05 14:00:00,수원,수원,24.6,10,8.583333333333334,1.416666666666666
142,KIA,10,키움,1,2022-05-05 14:00:00,광주,광주,25.9,11,9.3125,1.6875
143,두산,0,KT,6,2022-05-06 18:30:00,잠실,서울,19.6,6,8.8125,-2.8125
144,롯데,0,삼성,5,2022-05-06 18:30:00,사직,부산,18.8,5,8.805555555555557,-3.805555555555557
145,NC,8,LG,15,2022-05-06 18:30:00,창원,창원,19.3,23,9.45138888888889,13.54861111111111
146,키움,9,SSG,2,2022-05-06 18:30:00,고척,서울,19.6,11,9.3125,1.6875
147,한화,2,KIA,13,2022-05-06 18:30:00,대전,대전,21.0,15,8.916666666666666,6.083333333333334
148,두산,11,KT,8,2022-05-07 17:00:00,잠실,서울,20.7,19,8.8125,10.1875
149,롯데,1,삼성,4,2022-05-07 17:00:00,사직,부산,17.4,5,8.805555555555557,-3.805555555555557
150,NC,3,LG,6,2022-05-07 17:00:00,창원,창원,23.1,9,9.45138888888889,-0.4513888888888893
151,키움,0,SSG,3,2022-05-07 17:00:00,고척,서울,20.7,3,9.3125,-6.3125
152,한화,4,KIA,5,2022-05-07 17:00:00,대전,대전,21.3,9,8.916666666666666,0.08333333333333393
153,두산,0,KT,5,2022-05-08 14:00:00,잠실,서울,17.6,5,8.8125,-3.8125
154,롯데,2,삼성,4,2022-05-08 14:00:00,사직,부산,19.1,6,8.805555555555557,-2.805555555555557
155,NC,2,LG,3,2022-05-08 14:00:00,창원,창원,18.9,5,9.45138888888889,-4.451388888888889
156,키움,2,SSG,6,2022-05-08 14:00:00,고척,서울,17.6,8,9.3125,-1.3125
157,한화,6,KIA,7,2022-05-08 14:00:00,대전,대전,23.3,13,8.916666666666666,4.083333333333334
158,LG,9,한화,1,2022-05-10 18:30:00,잠실,서울,20.6,10,8.881944444444445,1.1180555555555554
159,롯데,7,NC,0,2022-05-10 18:30:00,사직,부산,15.6,7,8.6875,-1.6875
160,삼성,1,SSG,3,2022-05-10 18:30:00,대구,대구,17.5,4,9.604166666666668,-5.604166666666668
161,KIA,1,KT,0,2022-05-10 18:30:00,광주,광주,18.8,1,9.381944444444445,-8.381944444444445
162,키움,0,두산,9,2022-05-10 18:30:00,고척,서울,20.6,9,8.743055555555555,0.25694444444444464
163,LG,5,한화,2,2022-05-11 18:30:00,잠실,서울,18.6,7,8.881944444444445,-1.8819444444444446
164,롯데,6,NC,5,2022-05-11 18:30:00,사직,부산,18.5,11,8.6875,2.3125
165,삼성,6,SSG,5,2022-05-11 18:30:00,대구,대구,24.1,11,9.604166666666668,1.3958333333333321
166,KIA,5,KT,10,2022-05-11 18:30:00,광주,광주,20.8,15,9.381944444444445,5.618055555555555
167,키움,1,두산,5,2022-05-11 18:30:00,고척,서울,18.6,6,8.743055555555555,-2.7430555555555554
168,LG,11,한화,7,2022-05-12 18:30:00,잠실,서울,21.6,18,8.881944444444445,9.118055555555555
169,롯데,2,NC,4,2022-05-12 18:30:00,사직,부산,17.5,6,8.6875,-2.6875
170,삼성,4,SSG,2,2022-05-12 18:30:00,대구,대구,18.7,6,9.604166666666668,-3.604166666666668
171,KIA,5,KT,4,2022-05-12 18:30:00,광주,광주,21.0,9,9.381944444444445,-0.38194444444444464
172,키움,2,두산,3,2022-05-12 18:30:00,고척,서울,21.6,5,8.743055555555555,-3.7430555555555554
173,LG,1,KIA,10,2022-05-13 18:30:00,잠실,서울,18.6,11,9.965277777777779,1.0347222222222214
174,SSG,2,NC,6,2022-05-13 18:30:00,문학,인천,17.8,8,9.48611111111111,-1.4861111111111107
175,KT,5,키움,7,2022-05-13 18:30:00,수원,수원,19.2,12,8.694444444444445,3.3055555555555554
176,한화,1,롯데,8,2022-05-13 18:30:00,대전,대전,18.0,9,8.118055555555555,0.8819444444444446
177,LG,5,KIA,3,2022-05-14 17:00:00,잠실,서울,17.6,8,9.965277777777779,-1.9652777777777786
178,SSG,2,NC,1,2022-05-14 17:00:00,문학,인천,15.7,3,9.48611111111111,-6.486111111111111
179,삼성,4,두산,0,2022-05-14 17:00:00,대구,대구,21.8,4,9.034722222222221,-5.034722222222221
180,KT,0,키움,3,2022-05-14 17:00:00,수원,수원,15.6,3,8.694444444444445,-5.694444444444445
181,한화,5,롯데,8,2022-05-14 17:00:00,대전,대전,18.3,13,8.118055555555555,4.881944444444445
182,LG,6,KIA,3,2022-05-15 14:00:00,잠실,서울,21.9,9,9.965277777777779,-0.9652777777777786
183,SSG,7,NC,8,2022-05-15 14:00:00,문학,인천,18.1,15,9.48611111111111,5.513888888888889
184,삼성,4,두산,3,2022-05-15 14:00:00,대구,대구,22.5,7,9.034722222222221,-2.0347222222222214
185,KT,1,키움,5,2022-05-15 14:00:00,수원,수원,19.9,6,8.694444444444445,-2.6944444444444446
186,한화,8,롯데,4,2022-05-15 14:00:00,대전,대전,22.0,12,8.118055555555555,3.8819444444444446
187,두산,9,SSG,9,2022-05-17 18:30:00,잠실,서울,20.9,18,9.430555555555555,8.569444444444445
188,롯데,3,KIA,4,2022-05-17 18:30:00,사직,부산,17.4,7,9.20138888888889,-2.2013888888888893
189,NC,4,키움,11,2022-05-17 18:30:00,창원,창원,18.5,15,8.79861111111111,6.201388888888889
190,KT,3,LG,2,2022-05-17 18:30:00,수원,수원,20.5,5,9.347222222222221,-4.347222222222221
191,한화,4,삼성,3,2022-05-17 18:30:00,대전,대전,21.6,7,8.520833333333334,-1.520833333333334
192,두산,2,SSG,5,2022-05-18 18:30:00,잠실,서울,21.5,7,9.430555555555555,-2.4305555555555554
193,롯데,7,KIA,15,2022-05-18 18:30:00,사직,부산,19.0,22,9.20138888888889,12.79861111111111
194,NC,15,키움,3,2022-05-18 18:30:00,창원,창원,19.5,18,8.79861111111111,9.20138888888889
195,KT,1,LG,9,2022-05-18 18:30:00,수원,수원,21.7,10,9.347222222222221,0.6527777777777786
196,한화,3,삼성,5,2022-05-18 18:30:00,대전,대전,22.8,8,8.520833333333334,-0.5208333333333339
197,두산,3,SSG,9,2022-05-19 18:30:00,잠실,서울,19.2,12,9.430555555555555,2.5694444444444446
198,롯데,2,KIA,4,2022-05-19 18:30:00,사직,부산,18.1,6,9.20138888888889,-3.2013888888888893
199,NC,1,키움,3,2022-05-19 18:30:00,창원,창원,18.2,4,8.79861111111111,-4.798611111111111
200,KT,3,LG,7,2022-05-19 18:30:00,수원,수원,20.0,10,9.347222222222221,0.6527777777777786
201,한화,1,삼성,2,2022-05-19 18:30:00,대전,대전,20.4,3,8.520833333333334,-5.520833333333334
202,두산,0,롯데,4,2022-05-20 18:30:00,잠실,서울,21.1,4,8.631944444444445,-4.631944444444445
203,SSG,5,LG,4,2022-05-20 18:30:00,문학,인천,18.1,9,9.965277777777779,-0.9652777777777786
204,삼성,1,KT,5,2022-05-20 18:30:00,대구,대구,25.5,6,8.98611111111111,-2.9861111111111107
205,KIA,5,NC,3,2022-05-20 18:30:00,광주,광주,19.3,8,9.48611111111111,-1.4861111111111107
206,키움,4,한화,3,2022-05-20 18:30:00,고척,서울,21.1,7,8.229166666666666,-1.229166666666666
207,두산,12,롯데,4,2022-05-21 14:00:00,잠실,서울,25.5,16,8.631944444444445,7.368055555555555
208,SSG,3,LG,4,2022-05-21 17:00:00,문학,인천,17.7,7,9.965277777777779,-2.9652777777777786
209,삼성,2,KT,5,2022-05-21 17:00:00,대구,대구,28.0,7,8.98611111111111,-1.9861111111111107
210,KIA,4,NC,7,2022-05-21 17:00:00,광주,광주,24.8,11,9.48611111111111,1.5138888888888893
211,키움,11,한화,2,2022-05-21 17:00:00,고척,서울,23.0,13,8.229166666666666,4.770833333333334
212,두산,4,롯데,5,2022-05-22 14:00:00,잠실,서울,25.7,9,8.631944444444445,0.36805555555555536
213,SSG,3,LG,1,2022-05-22 14:00:00,문학,인천,20.2,4,9.965277777777779,-5.965277777777779
214,삼성,4,KT,3,2022-05-22 14:00:00,대구,대구,31.8,7,8.98611111111111,-1.9861111111111107
215,KIA,8,NC,6,2022-05-22 14:00:00,광주,광주,29.5,14,9.48611111111111,4.513888888888889
216,키움,5,한화,6,2022-05-22 14:00:00,고척,서울,25.7,11,8.229166666666666,2.770833333333334
217,LG,4,키움,6,2022-05-24 18:30:00,잠실,서울,23.3,10,9.277777777777779,0.7222222222222214
218,SSG,3,롯데,2,2022-05-24 18:30:00,문학,인천,19.9,5,9.20138888888889,-4.201388888888889
219,삼성,3,KIA,4,2022-05-24 18:30:00,대구,대구,27.0,7,9.604166666666668,-2.604166666666668
220,NC,3,KT,2,2022-05-24 18:30:00,창원,창원,21.5,5,8.868055555555555,-3.8680555555555554
221,한화,6,두산,3,2022-05-24 18:30:00,대전,대전,24.3,9,8.347222222222221,0.6527777777777786
222,LG,5,키움,10,2022-05-25 18:30:00,잠실,서울,19.8,15,9.277777777777779,5.722222222222221
223,SSG,9,롯데,1,2022-05-25 18:30:00,문학,인천,17.2,10,9.20138888888889,0.7986111111111107
224,삼성,5,KIA,11,2022-05-25 18:30:00,대구,대구,25.7,16,9.604166666666668,6.395833333333332
225,NC,2,KT,3,2022-05-25 18:30:00,창원,창원,21.1,5,8.868055555555555,-3.8680555555555554
226,한화,14,두산,1,2022-05-25 18:30:00,대전,대전,21.7,15,8.347222222222221,6.652777777777779
227,LG,5,키움,12,2022-05-26 18:30:00,잠실,서울,18.8,17,9.277777777777779,7.722222222222221
228,SSG,6,롯데,5,2022-05-26 18:30:00,문학,인천,16.5,11,9.20138888888889,1.7986111111111107
229,삼성,7,KIA,9,2022-05-26 18:30:00,대구,대구,24.2,16,9.604166666666668,6.395833333333332
230,NC,1,KT,2,2022-05-26 18:30:00,창원,창원,20.3,3,8.868055555555555,-5.868055555555555
231,한화,3,두산,24,2022-05-26 18:30:00,대전,대전,20.0,27,8.347222222222221,18.65277777777778
232,LG,5,삼성,0,2022-05-27 18:30:00,잠실,서울,20.2,5,9.569444444444445,-4.569444444444445
233,롯데,0,키움,8,2022-05-27 18:30:00,사직,부산,23.4,8,8.51388888888889,-0.5138888888888893
234,NC,1,두산,6,2022-05-27 18:30:00,창원,창원,25.7,7,8.916666666666666,-1.916666666666666
235,KT,0,한화,4,2022-05-27 18:30:00,수원,수원,18.6,4,8.29861111111111,-4.298611111111111
236,KIA,1,SSG,8,2022-05-27 18:30:00,광주,광주,21.4,9,10.0,-1.0
237,롯데,3,키움,6,2022-05-28 14:00:00,사직,부산,23.1,9,8.51388888888889,0.4861111111111107
238,KIA,9,SSG,3,2022-05-28 14:00:00,광주,광주,29.1,12,10.0,2.0
239,LG,9,삼성,4,2022-05-28 17:00:00,잠실,서울,26.4,13,9.569444444444445,3.4305555555555554
240,NC,5,두산,0,2022-05-28 17:00:00,창원,창원,24.2,5,8.916666666666666,-3.916666666666666
241,KT,8,한화,9,2022-05-28 17:00:00,수원,수원,26.3,17,8.29861111111111,8.70138888888889
242,LG,4,삼성,8,2022-05-29 14:00:00,잠실,서울,28.0,12,9.569444444444445,2.4305555555555554
243,롯데,0,키움,4,2022-05-29 14:00:00,사직,부산,26.1,4,8.51388888888889,-4.513888888888889
244,NC,0,두산,1,2022-05-29 14:00:00,창원,창원,28.0,1,8.916666666666666,-7.916666666666666
245,KT,4,한화,12,2022-05-29 14:00:00,수원,수원,28.0,16,8.29861111111111,7.701388888888889
246,KIA,7,SSG,9,2022-05-29 14:00:00,광주,광주,27.9,16,10.0,6.0
247,두산,10,KIA,13,2022-05-31 18:30:00,잠실,서울,21.6,23,9.430555555555555,13.569444444444445
248,SSG,1,KT,2,2022-05-31 18:30:00,문학,인천,18.8,3,9.381944444444445,-6.381944444444445
249,롯데,7,LG,5,2022-05-31 18:30:00,사직,부산,21.0,12,9.166666666666668,2.833333333333332
250,키움,3,삼성,2,2022-05-31 18:30:00,고척,서울,21.6,5,8.916666666666668,-3.916666666666668
251,한화,5,NC,10,2022-05-31 18:30:00,대전,대전,22.5,15,8.402777777777777,6.597222222222223
252,두산,3,KIA,7,2022-06-01 17:00:00,잠실,서울,26.3,10,9.430555555555555,0.5694444444444446
253,SSG,2,KT,1,2022-06-01 17:00:00,문학,인천,22.0,3,9.381944444444445,-6.381944444444445
254,롯데,5,LG,14,2022-06-01 17:00:00,사직,부산,22.4,19,9.166666666666668,9.833333333333332
255,키움,2,삼성,4,2022-06-01 17:00:00,고척,서울,26.3,6,8.916666666666668,-2.916666666666668
256,한화,3,NC,0,2022-06-01 17:00:00,대전,대전,29.9,3,8.402777777777777,-5.402777777777777
257,두산,3,KIA,4,2022-06-02 18:30:00,잠실,서울,21.6,7,9.430555555555555,-2.4305555555555554
258,SSG,1,KT,14,2022-06-02 18:30:00,문학,인천,19.3,15,9.381944444444445,5.618055555555555
259,롯데,2,LG,2,2022-06-02 18:30:00,사직,부산,19.3,4,9.166666666666668,-5.166666666666668
260,키움,6,삼성,5,2022-06-02 18:30:00,고척,서울,21.6,11,8.916666666666668,2.083333333333332
261,한화,3,NC,4,2022-06-02 18:30:00,대전,대전,24.4,7,8.402777777777777,-1.4027777777777768
262,LG,7,SSG,1,2022-06-03 18:30:00,잠실,서울,24.3,8,9.965277777777779,-1.9652777777777786
263,삼성,8,두산,5,2022-06-03 18:30:00,대구,대구,20.6,13,9.034722222222221,3.9652777777777786
264,NC,5,롯데,1,2022-06-03 18:30:00,창원,창원,20.5,6,8.6875,-2.6875
265,KT,5,KIA,2,2022-06-03 18:30:00,수원,수원,21.4,7,9.381944444444445,-2.3819444444444446
266,한화,14,키움,2,2022-06-03 18:30:00,대전,대전,28.1,16,8.229166666666666,7.770833333333334
267,LG,6,SSG,2,2022-06-04 17:00:00,잠실,서울,29.4,8,9.965277777777779,-1.9652777777777786
268,삼성,8,두산,16,2022-06-04 17:00:00,대구,대구,25.2,24,9.034722222222221,14.965277777777779
269,NC,2,롯데,3,2022-06-04 17:00:00,창원,창원,23.6,5,8.6875,-3.6875
270,KT,4,KIA,3,2022-06-04 17:00:00,수원,수원,28.6,7,9.381944444444445,-2.3819444444444446
271,한화,3,키움,4,2022-06-04 17:00:00,대전,대전,28.7,7,8.229166666666666,-1.229166666666666
272,LG,0,SSG,2,2022-06-05 17:00:00,잠실,서울,22.0,2,9.965277777777779,-7.965277777777779
273,KT,2,KIA,2,2022-06-05 17:00:00,수원,수원,20.5,4,9.381944444444445,-5.381944444444445
274,두산,3,한화,1,2022-06-07 18:30:00,잠실,서울,22.3,4,8.347222222222221,-4.347222222222221
275,롯데,4,삼성,7,2022-06-07 18:30:00,사직,부산,16.9,11,8.805555555555557,2.194444444444443
276,NC,6,SSG,2,2022-06-07 18:30:00,창원,창원,17.3,8,9.48611111111111,-1.4861111111111107
277,키움,3,KT,0,2022-06-07 18:30:00,고척,서울,22.3,3,8.694444444444445,-5.694444444444445
278,두산,1,한화,5,2022-06-08 18:30:00,잠실,서울,21.6,6,8.347222222222221,-2.3472222222222214
279,롯데,2,삼성,4,2022-06-08 18:30:00,사직,부산,16.8,6,8.805555555555557,-2.805555555555557
280,NC,2,SSG,2,2022-06-08 18:30:00,창원,창원,17.1,4,9.48611111111111,-5.486111111111111
281,KIA,7,LG,11,2022-06-08 18:30:00,광주,광주,21.0,18,9.965277777777779,8.034722222222221
282,키움,5,KT,5,2022-06-08 18:30:00,고척,서울,21.6,10,8.694444444444445,1.3055555555555554
283,두산,16,한화,7,2022-06-09 18:30:00,잠실,서울,22.2,23,8.347222222222221,14.652777777777779
284,롯데,7,삼성,6,2022-06-09 18:30:00,사직,부산,18.3,13,8.805555555555557,4.194444444444443
285,NC,5,SSG,4,2022-06-09 18:30:00,창원,창원,18.2,9,9.48611111111111,-0.4861111111111107
286,KIA,5,LG,1,2022-06-09 18:30:00,광주,광주,22.4,6,9.965277777777779,-3.9652777777777786
287,키움,1,KT,7,2022-06-09 18:30:00,고척,서울,22.2,8,8.694444444444445,-0.6944444444444446
288,LG,10,두산,7,2022-06-10 18:30:00,잠실,서울,20.9,17,9.395833333333332,7.604166666666668
289,SSG,9,한화,2,2022-06-10 18:30:00,문학,인천,19.4,11,8.916666666666666,2.083333333333334
290,롯데,4,KT,9,2022-06-10 18:30:00,사직,부산,20.0,13,8.583333333333334,4.416666666666666
291,삼성,1,NC,9,2022-06-10 18:30:00,대구,대구,24.7,10,9.090277777777779,0.9097222222222214
292,KIA,6,키움,10,2022-06-10 18:30:00,광주,광주,22.8,16,9.3125,6.6875
293,LG,4,두산,5,2022-06-11 17:00:00,잠실,서울,30.1,9,9.395833333333332,-0.39583333333333215
294,SSG,4,한화,2,2022-06-11 17:00:00,문학,인천,28.5,6,8.916666666666666,-2.916666666666666
295,롯데,0,KT,4,2022-06-11 17:00:00,사직,부산,23.2,4,8.583333333333334,-4.583333333333334
296,삼성,1,NC,4,2022-06-11 17:00:00,대구,대구,23.5,5,9.090277777777779,-4.090277777777779
297,KIA,5,키움,2,2022-06-11 17:00:00,광주,광주,22.8,7,9.3125,-2.3125
298,LG,9,두산,6,2022-06-12 17:00:00,잠실,서울,27.7,15,9.395833333333332,5.604166666666668
299,SSG,13,한화,11,2022-06-12 17:00:00,문학,인천,23.7,24,8.916666666666666,15.083333333333334
300,롯데,13,KT,0,2022-06-12 17:00:00,사직,부산,20.2,13,8.583333333333334,4.416666666666666
301,삼성,4,NC,2,2022-06-12 17:00:00,대구,대구,23.0,6,9.090277777777779,-3.0902777777777786
302,KIA,8,키움,10,2022-06-12 17:00:00,광주,광주,23.5,18,9.3125,8.6875
303,LG,7,삼성,0,2022-06-14 18:30:00,잠실,서울,20.6,7,9.569444444444445,-2.5694444444444446
304,KT,5,SSG,4,2022-06-14 18:30:00,수원,수원,20.1,9,9.381944444444445,-0.38194444444444464
305,키움,2,두산,0,2022-06-14 18:30:00,고척,서울,20.6,2,8.743055555555555,-6.743055555555555
306,LG,3,삼성,6,2022-06-15 18:30:00,잠실,서울,20.0,9,9.569444444444445,-0.5694444444444446
307,NC,7,KIA,2,2022-06-15 18:30:00,창원,창원,21.4,9,9.48611111111111,-0.4861111111111107
308,KT,6,SSG,3,2022-06-15 18:30:00,수원,수원,20.3,9,9.381944444444445,-0.38194444444444464
309,키움,3,두산,4,2022-06-15 18:30:00,고척,서울,20.0,7,8.743055555555555,-1.7430555555555554
310,한화,5,롯데,11,2022-06-15 18:30:00,대전,대전,21.4,16,8.118055555555555,7.881944444444445
311,LG,2,삼성,1,2022-06-16 18:30:00,잠실,서울,22.1,3,9.569444444444445,-6.569444444444445
312,NC,2,KIA,4,2022-06-16 18:30:00,창원,창원,21.6,6,9.48611111111111,-3.4861111111111107
313,KT,0,SSG,6,2022-06-16 18:30:00,수원,수원,21.4,6,9.381944444444445,-3.3819444444444446
314,키움,6,두산,2,2022-06-16 18:30:00,고척,서울,22.1,8,8.743055555555555,-0.7430555555555554
315,한화,0,롯데,3,2022-06-16 18:30:00,대전,대전,23.4,3,8.118055555555555,-5.118055555555555
316,두산,2,KT,4,2022-06-17 18:30:00,잠실,서울,25.1,6,8.8125,-2.8125
317,롯데,2,SSG,6,2022-06-17 18:30:00,사직,부산,22.1,8,9.20138888888889,-1.2013888888888893
318,NC,1,한화,1,2022-06-17 18:30:00,창원,창원,22.3,2,8.402777777777777,-6.402777777777777
319,KIA,5,삼성,3,2022-06-17 18:30:00,광주,광주,24.6,8,9.604166666666668,-1.6041666666666679
320,키움,2,LG,4,2022-06-17 18:30:00,고척,서울,25.1,6,9.277777777777779,-3.2777777777777786
321,키움,2,LG,0,2022-06-18 14:00:00,고척,서울,23.7,2,9.277777777777779,-7.277777777777779
322,두산,5,KT,0,2022-06-18 17:00:00,잠실,서울,25.0,5,8.8125,-3.8125
323,롯데,5,SSG,10,2022-06-18 17:00:00,사직,부산,24.2,15,9.20138888888889,5.798611111111111
324,NC,3,한화,2,2022-06-18 17:00:00,창원,창원,26.4,5,8.402777777777777,-3.402777777777777
325,KIA,2,삼성,6,2022-06-18 17:00:00,광주,광주,26.8,8,9.604166666666668,-1.6041666666666679
326,키움,2,LG,4,2022-06-19 14:00:00,고척,서울,24.2,6,9.277777777777779,-3.2777777777777786
327,두산,1,KT,7,2022-06-19 17:00:00,잠실,서울,24.9,8,8.8125,-0.8125
328,롯데,7,SSG,4,2022-06-19 17:00:00,사직,부산,24.3,11,9.20138888888889,1.7986111111111107
329,NC,6,한화,3,2022-06-19 17:00:00,창원,창원,26.1,9,8.402777777777777,0.5972222222222232
330,KIA,3,삼성,7,2022-06-19 17:00:00,광주,광주,30.1,10,9.604166666666668,0.39583333333333215
331,LG,10,한화,4,2022-06-21 18:30:00,잠실,서울,27.3,14,8.881944444444445,5.118055555555555
332,SSG,2,두산,16,2022-06-21 18:30:00,문학,인천,23.8,18,9.430555555555555,8.569444444444445
333,삼성,3,키움,4,2022-06-21 18:30:00,대구,대구,29.3,7,8.916666666666668,-1.9166666666666679
334,KT,8,NC,1,2022-06-21 18:30:00,수원,수원,24.1,9,8.868055555555555,0.13194444444444464
335,KIA,6,롯데,5,2022-06-21 18:30:00,광주,광주,26.6,11,9.20138888888889,1.7986111111111107
336,LG,6,한화,5,2022-06-22 18:30:00,잠실,서울,26.8,11,8.881944444444445,2.1180555555555554
337,SSG,6,두산,5,2022-06-22 18:30:00,문학,인천,23.4,11,9.430555555555555,1.5694444444444446
338,삼성,0,키움,6,2022-06-22 18:30:00,대구,대구,31.2,6,8.916666666666668,-2.916666666666668
339,KT,0,NC,11,2022-06-22 18:30:00,수원,수원,24.3,11,8.868055555555555,2.1319444444444446
340,KIA,5,롯데,7,2022-06-22 18:30:00,광주,광주,29.0,12,9.20138888888889,2.7986111111111107
341,삼성,1,키움,6,2022-06-23 18:30:00,대구,대구,29.1,7,8.916666666666668,-1.9166666666666679
342,KIA,7,롯데,4,2022-06-23 18:30:00,광주,광주,25.3,11,9.20138888888889,1.7986111111111107
343,두산,3,KIA,4,2022-06-24 18:30:00,잠실,서울,24.2,7,9.430555555555555,-2.4305555555555554
344,SSG,14,NC,2,2022-06-24 18:30:00,문학,인천,22.0,16,9.48611111111111,6.513888888888889
345,롯데,5,키움,1,2022-06-24 18:30:00,사직,부산,22.0,6,8.51388888888889,-2.5138888888888893
346,KT,9,LG,6,2022-06-24 18:30:00,수원,수원,24.6,15,9.347222222222221,5.652777777777779
347,한화,3,삼성,0,2022-06-24 18:30:00,대전,대전,24.3,3,8.520833333333334,-5.520833333333334
348,두산,6,KIA,8,2022-06-25 17:00:00,잠실,서울,29.0,14,9.430555555555555,4.569444444444445
349,SSG,8,NC,1,2022-06-25 17:00:00,문학,인천,25.8,9,9.48611111111111,-0.4861111111111107
350,롯데,5,키움,13,2022-06-25 17:00:00,사직,부산,23.1,18,8.51388888888889,9.48611111111111
351,KT,2,LG,7,2022-06-25 17:00:00,수원,수원,29.6,9,9.347222222222221,-0.34722222222222143
352,한화,2,삼성,5,2022-06-25 17:00:00,대전,대전,31.2,7,8.520833333333334,-1.520833333333334
353,두산,8,KIA,4,2022-06-26 17:00:00,잠실,서울,27.6,12,9.430555555555555,2.5694444444444446
354,SSG,7,NC,3,2022-06-26 17:00:00,문학,인천,25.6,10,9.48611111111111,0.5138888888888893
355,롯데,4,키움,9,2022-06-26 17:00:00,사직,부산,24.1,13,8.51388888888889,4.486111111111111
356,KT,1,LG,3,2022-06-26 17:00:00,수원,수원,28.9,4,9.347222222222221,-5.347222222222221
357,한화,2,삼성,6,2022-06-26 17:00:00,대전,대전,30.7,8,8.520833333333334,-0.5208333333333339
358,LG,5,NC,0,2022-06-28 18:30:00,잠실,서울,27.2,5,9.45138888888889,-4.451388888888889
359,롯데,3,두산,3,2022-06-28 18:30:00,사직,부산,23.5,6,8.631944444444445,-2.6319444444444446
360,삼성,4,KT,14,2022-06-28 18:30:00,대구,대구,29.0,18,8.98611111111111,9.01388888888889
361,키움,5,KIA,2,2022-06-28 18:30:00,고척,서울,27.2,7,9.3125,-2.3125
362,한화,6,SSG,3,2022-06-28 18:30:00,대전,대전,29.2,9,8.916666666666666,0.08333333333333393
363,삼성,8,KT,2,2022-06-29 18:30:00,대구,대구,28.3,10,8.98611111111111,1.0138888888888893
364,키움,1,KIA,0,2022-06-29 18:30:00,고척,서울,25.3,1,9.3125,-8.3125
365,한화,3,SSG,8,2022-06-29 18:30:00,대전,대전,25.3,11,8.916666666666666,2.083333333333334
366,롯데,5,두산,1,2022-06-30 18:30:00,사직,부산,24.6,6,8.631944444444445,-2.6319444444444446
367,삼성,2,KT,13,2022-06-30 18:30:00,대구,대구,30.0,15,8.98611111111111,6.013888888888889
368,키움,5,KIA,4,2022-06-30 18:30:00,고척,서울,21.3,9,9.3125,-0.3125
369,LG,2,롯데,1,2022-07-01 18:30:00,잠실,서울,28.0,3,9.166666666666668,-6.166666666666668
370,SSG,7,KIA,6,2022-07-01 18:30:00,문학,인천,25.5,13,10.0,3.0
371,KT,11,두산,7,2022-07-01 18:30:00,수원,수원,27.8,18,8.8125,9.1875
372,키움,7,한화,5,2022-07-01 18:30:00,고척,서울,28.0,12,8.229166666666666,3.770833333333334
373,키움,3,한화,0,2022-07-02 14:00:00,고척,서울,33.4,3,8.229166666666666,-5.229166666666666
374,LG,1,롯데,8,2022-07-02 18:00:00,잠실,서울,33.1,9,9.166666666666668,-0.16666666666666785
375,SSG,2,KIA,1,2022-07-02 18:00:00,문학,인천,30.0,3,10.0,-7.0
376,NC,17,삼성,1,2022-07-02 18:00:00,창원,창원,30.8,18,9.090277777777779,8.909722222222221
377,KT,8,두산,3,2022-07-02 18:00:00,수원,수원,31.6,11,8.8125,2.1875
378,키움,2,한화,1,2022-07-03 14:00:00,고척,서울,33.7,3,8.229166666666666,-5.229166666666666
379,LG,4,롯데,1,2022-07-03 17:00:00,잠실,서울,32.9,5,9.166666666666668,-4.166666666666668
380,SSG,3,KIA,2,2022-07-03 17:00:00,문학,인천,30.6,5,10.0,-5.0
381,NC,11,삼성,6,2022-07-03 17:00:00,창원,창원,31.4,17,9.090277777777779,7.909722222222221
382,KT,6,두산,0,2022-07-03 17:00:00,수원,수원,31.8,6,8.8125,-2.8125
383,두산,3,키움,4,2022-07-05 18:30:00,잠실,서울,29.4,7,8.743055555555555,-1.7430555555555554
384,SSG,4,롯데,3,2022-07-05 18:30:00,문학,인천,27.7,7,9.20138888888889,-2.2013888888888893
385,삼성,1,LG,4,2022-07-05 18:30:00,대구,대구,29.5,5,9.569444444444445,-4.569444444444445
386,한화,0,NC,1,2022-07-05 18:30:00,대전,대전,29.3,1,8.402777777777777,-7.402777777777777
387,두산,5,키움,2,2022-07-06 18:30:00,잠실,서울,31.8,7,8.743055555555555,-1.7430555555555554
388,SSG,5,롯데,12,2022-07-06 18:30:00,문학,인천,30.8,17,9.20138888888889,7.798611111111111
389,삼성,9,LG,10,2022-07-06 18:30:00,대구,대구,27.6,19,9.569444444444445,9.430555555555555
390,KIA,1,KT,8,2022-07-06 18:30:00,광주,광주,29.1,9,9.381944444444445,-0.38194444444444464
391,한화,3,NC,4,2022-07-06 18:30:00,대전,대전,29.7,7,8.402777777777777,-1.4027777777777768
392,두산,4,키움,2,2022-07-07 18:30:00,잠실,서울,28.7,6,8.743055555555555,-2.7430555555555554
393,SSG,8,롯데,1,2022-07-07 18:30:00,문학,인천,25.1,9,9.20138888888889,-0.20138888888888928
394,삼성,9,LG,11,2022-07-07 18:30:00,대구,대구,30.0,20,9.569444444444445,10.430555555555555
395,한화,12,NC,11,2022-07-07 18:30:00,대전,대전,26.9,23,8.402777777777777,14.597222222222223
396,두산,4,LG,11,2022-07-08 18:30:00,잠실,서울,26.4,15,9.395833333333332,5.604166666666668
397,삼성,8,SSG,9,2022-07-08 18:30:00,대구,대구,27.4,17,9.604166666666668,7.395833333333332
398,KT,6,롯데,3,2022-07-08 18:30:00,수원,수원,26.0,9,8.583333333333334,0.4166666666666661
399,KIA,5,한화,3,2022-07-08 18:30:00,광주,광주,27.1,8,8.916666666666666,-0.9166666666666661
400,키움,3,NC,2,2022-07-08 18:30:00,고척,서울,26.4,5,8.79861111111111,-3.7986111111111107
401,키움,10,NC,1,2022-07-09 14:00:00,고척,서울,30.7,11,8.79861111111111,2.2013888888888893
402,두산,6,LG,8,2022-07-09 18:00:00,잠실,서울,30.3,14,9.395833333333332,4.604166666666668
403,삼성,10,SSG,13,2022-07-09 18:00:00,대구,대구,32.4,23,9.604166666666668,13.395833333333332
404,KT,3,롯데,1,2022-07-09 18:00:00,수원,수원,29.4,4,8.583333333333334,-4.583333333333334
405,KIA,6,한화,5,2022-07-09 18:00:00,광주,광주,30.2,11,8.916666666666666,2.083333333333334
406,키움,2,NC,0,2022-07-10 14:00:00,고척,서울,34.4,2,8.79861111111111,-6.798611111111111
407,두산,0,LG,9,2022-07-10 17:00:00,잠실,서울,32.1,9,9.395833333333332,-0.39583333333333215
408,삼성,2,SSG,7,2022-07-10 17:00:00,대구,대구,29.7,9,9.604166666666668,-0.6041666666666679
409,KT,1,롯데,9,2022-07-10 17:00:00,수원,수원,31.6,10,8.583333333333334,1.416666666666666
410,KIA,6,한화,3,2022-07-10 17:00:00,광주,광주,30.9,9,8.916666666666666,0.08333333333333393
411,LG,1,KIA,7,2022-07-12 18:30:00,잠실,서울,28.2,8,9.965277777777779,-1.9652777777777786
412,SSG,7,키움,3,2022-07-12 18:30:00,문학,인천,26.7,10,9.3125,0.6875
413,롯데,3,한화,2,2022-07-12 18:30:00,사직,부산,24.2,5,8.118055555555555,-3.1180555555555554
414,NC,7,두산,11,2022-07-12 18:30:00,창원,창원,24.2,18,8.916666666666666,9.083333333333334
415,KT,4,삼성,3,2022-07-12 18:30:00,수원,수원,28.9,7,8.98611111111111,-1.9861111111111107
416,롯데,2,한화,0,2022-07-13 18:30:00,사직,부산,24.4,2,8.118055555555555,-6.118055555555555
417,NC,4,두산,1,2022-07-13 18:30:00,창원,창원,24.3,5,8.916666666666666,-3.916666666666666
418,LG,6,KIA,2,2022-07-14 18:30:00,잠실,서울,26.1,8,9.965277777777779,-1.9652777777777786
419,SSG,4,키움,1,2022-07-14 18:30:00,문학,인천,23.9,5,9.3125,-4.3125
420,롯데,10,한화,7,2022-07-14 18:30:00,사직,부산,25.6,17,8.118055555555555,8.881944444444445
421,NC,3,두산,11,2022-07-14 18:30:00,창원,창원,28.1,14,8.916666666666666,5.083333333333334
422,KT,1,삼성,0,2022-07-14 18:30:00,수원,수원,24.4,1,8.98611111111111,-7.986111111111111
423,두산,0,SSG,1,2022-07-22 18:30:00,잠실,서울,25.6,1,9.430555555555555,-8.430555555555555
424,롯데,2,KIA,5,2022-07-22 18:30:00,사직,부산,22.9,7,9.20138888888889,-2.2013888888888893
425,NC,5,LG,4,2022-07-22 18:30:00,창원,창원,23.9,9,9.45138888888889,-0.4513888888888893
426,키움,3,삼성,2,2022-07-22 18:30:00,고척,서울,25.6,5,8.916666666666668,-3.916666666666668
427,한화,8,KT,0,2022-07-22 18:30:00,대전,대전,26.3,8,8.29861111111111,-0.2986111111111107
428,키움,6,삼성,0,2022-07-23 14:00:00,고척,서울,27.6,6,8.916666666666668,-2.916666666666668
429,롯데,3,KIA,9,2022-07-23 18:00:00,사직,부산,24.3,12,9.20138888888889,2.7986111111111107
430,NC,5,LG,11,2022-07-23 18:00:00,창원,창원,24.2,16,9.45138888888889,6.548611111111111
431,한화,3,KT,5,2022-07-23 18:00:00,대전,대전,27.2,8,8.29861111111111,-0.2986111111111107
432,키움,0,삼성,8,2022-07-24 14:00:00,고척,서울,27.2,8,8.916666666666668,-0.9166666666666679
433,두산,4,SSG,5,2022-07-24 17:00:00,잠실,서울,26.8,9,9.430555555555555,-0.43055555555555536
434,롯데,0,KIA,23,2022-07-24 17:00:00,사직,부산,26.2,23,9.20138888888889,13.79861111111111
435,NC,6,LG,1,2022-07-24 17:00:00,창원,창원,28.3,7,9.45138888888889,-2.4513888888888893
436,한화,1,KT,3,2022-07-24 17:00:00,대전,대전,26.2,4,8.29861111111111,-4.298611111111111
437,두산,6,롯데,1,2022-07-26 18:30:00,잠실,서울,29.9,7,8.631944444444445,-1.6319444444444446
438,SSG,0,LG,9,2022-07-26 18:30:00,문학,인천,27.7,9,9.965277777777779,-0.9652777777777786
439,KT,7,키움,8,2022-07-26 18:30:00,수원,수원,27.7,15,8.694444444444445,6.305555555555555
440,KIA,1,NC,9,2022-07-26 18:30:00,광주,광주,28.1,10,9.48611111111111,0.5138888888888893
441,삼성,2,한화,4,2022-07-26 18:30:00,포항,포항,24.4,6,8.520833333333334,-2.520833333333334
442,두산,6,롯데,5,2022-07-27 18:30:00,잠실,서울,29.7,11,8.631944444444445,2.3680555555555554
443,SSG,6,LG,3,2022-07-27 18:30:00,문학,인천,28.8,9,9.965277777777779,-0.9652777777777786
444,KT,5,키움,4,2022-07-27 18:30:00,수원,수원,28.6,9,8.694444444444445,0.30555555555555536
445,KIA,9,NC,5,2022-07-27 18:30:00,광주,광주,27.6,14,9.48611111111111,4.513888888888889
446,삼성,11,한화,10,2022-07-27 18:30:00,포항,포항,25.1,21,8.520833333333334,12.479166666666666
447,두산,8,롯데,5,2022-07-28 18:30:00,잠실,서울,31.1,13,8.631944444444445,4.368055555555555
448,SSG,5,LG,4,2022-07-28 18:30:00,문학,인천,28.3,9,9.965277777777779,-0.9652777777777786
449,KT,8,키움,2,2022-07-28 18:30:00,수원,수원,30.7,10,8.694444444444445,1.3055555555555554
450,KIA,2,NC,6,2022-07-28 18:30:00,광주,광주,28.9,8,9.48611111111111,-1.4861111111111107
451,삼성,3,한화,3,2022-07-28 18:30:00,포항,포항,25.5,6,8.520833333333334,-2.520833333333334
452,LG,4,KT,5,2022-07-29 18:30:00,잠실,서울,30.9,9,9.347222222222221,-0.34722222222222143
453,삼성,8,롯데,7,2022-07-29 18:30:00,대구,대구,29.0,15,8.805555555555557,6.194444444444443
454,NC,5,키움,3,2022-07-29 18:30:00,창원,창원,30.3,8,8.79861111111111,-0.7986111111111107
455,KIA,11,SSG,2,2022-07-29 18:30:00,광주,광주,31.0,13,10.0,3.0
456,한화,3,두산,7,2022-07-29 18:30:00,대전,대전,31.4,10,8.347222222222221,1.6527777777777786
457,LG,8,KT,7,2022-07-30 18:00:00,잠실,서울,32.5,15,9.347222222222221,5.652777777777779
458,삼성,8,롯데,9,2022-07-30 18:00:00,대구,대구,28.6,17,8.805555555555557,8.194444444444443
459,NC,3,키움,3,2022-07-30 18:00:00,창원,창원,29.2,6,8.79861111111111,-2.7986111111111107
460,KIA,5,SSG,7,2022-07-30 18:00:00,광주,광주,28.9,12,10.0,2.0
461,한화,11,두산,1,2022-07-30 18:00:00,대전,대전,29.2,12,8.347222222222221,3.6527777777777786
462,삼성,5,롯데,5,2022-07-31 17:00:00,대구,대구,28.8,10,8.805555555555557,1.1944444444444429
463,KIA,2,SSG,3,2022-07-31 17:00:00,광주,광주,25.9,5,10.0,-5.0
464,롯데,4,LG,3,2022-08-02 18:30:00,사직,부산,27.1,7,9.166666666666668,-2.166666666666668
465,키움,5,SSG,7,2022-08-02 18:30:00,고척,서울,26.5,12,9.3125,2.6875
466,한화,5,KIA,4,2022-08-02 18:30:00,대전,대전,28.0,9,8.916666666666666,0.08333333333333393
467,두산,3,삼성,1,2022-08-03 18:30:00,잠실,서울,27.8,4,9.034722222222221,-5.034722222222221
468,롯데,1,LG,4,2022-08-03 18:30:00,사직,부산,27.5,5,9.166666666666668,-4.166666666666668
469,NC,2,KT,15,2022-08-03 18:30:00,창원,창원,27.8,17,8.868055555555555,8.131944444444445
470,키움,3,SSG,2,2022-08-03 18:30:00,고척,서울,27.8,5,9.3125,-4.3125
471,한화,3,KIA,6,2022-08-03 18:30:00,대전,대전,29.1,9,8.916666666666666,0.08333333333333393
472,두산,2,삼성,9,2022-08-04 18:30:00,잠실,서울,29.0,11,9.034722222222221,1.9652777777777786
473,롯데,2,LG,12,2022-08-04 18:30:00,사직,부산,28.7,14,9.166666666666668,4.833333333333332
474,NC,4,KT,3,2022-08-04 18:30:00,창원,창원,27.6,7,8.868055555555555,-1.8680555555555554
475,키움,5,SSG,6,2022-08-04 18:30:00,고척,서울,29.0,11,9.3125,1.6875
476,한화,4,KIA,1,2022-08-04 18:30:00,대전,대전,29.5,5,8.916666666666666,-3.916666666666666
477,LG,7,키움,8,2022-08-05 18:30:00,잠실,서울,29.6,15,9.277777777777779,5.722222222222221
478,SSG,1,삼성,3,2022-08-05 18:30:00,문학,인천,27.6,4,9.604166666666668,-5.604166666666668
479,롯데,7,NC,2,2022-08-05 18:30:00,사직,부산,29.2,9,8.6875,0.3125
480,KT,5,한화,1,2022-08-05 18:30:00,수원,수원,28.4,6,8.29861111111111,-2.2986111111111107
481,KIA,3,두산,5,2022-08-05 18:30:00,광주,광주,29.2,8,9.430555555555555,-1.4305555555555554
482,LG,12,키움,3,2022-08-06 18:00:00,잠실,서울,30.0,15,9.277777777777779,5.722222222222221
483,SSG,7,삼성,6,2022-08-06 18:00:00,문학,인천,28.9,13,9.604166666666668,3.395833333333332
484,롯데,1,NC,10,2022-08-06 18:00:00,사직,부산,30.1,11,8.6875,2.3125
485,KT,4,한화,2,2022-08-06 18:00:00,수원,수원,30.7,6,8.29861111111111,-2.2986111111111107
486,KIA,4,두산,7,2022-08-06 18:00:00,광주,광주,32.7,11,9.430555555555555,1.5694444444444446
487,LG,5,키움,0,2022-08-07 17:00:00,잠실,서울,30.1,5,9.277777777777779,-4.277777777777779
488,SSG,7,삼성,6,2022-08-07 17:00:00,문학,인천,28.7,13,9.604166666666668,3.395833333333332
489,롯데,0,NC,14,2022-08-07 17:00:00,사직,부산,28.8,14,8.6875,5.3125
490,KT,5,한화,6,2022-08-07 17:00:00,수원,수원,30.4,11,8.29861111111111,2.7013888888888893
491,KIA,5,두산,4,2022-08-07 17:00:00,광주,광주,30.9,9,9.430555555555555,-0.43055555555555536
492,두산,0,NC,11,2022-08-10 18:30:00,잠실,서울,25.4,11,8.916666666666666,2.083333333333334
493,SSG,4,KT,2,2022-08-10 18:30:00,문학,인천,23.1,6,9.381944444444445,-3.3819444444444446
494,삼성,3,KIA,2,2022-08-10 18:30:00,대구,대구,28.9,5,9.604166666666668,-4.604166666666668
495,키움,3,롯데,4,2022-08-10 18:30:00,고척,서울,25.4,7,8.51388888888889,-1.5138888888888893
496,두산,2,NC,3,2022-08-11 18:30:00,잠실,서울,25.9,5,8.916666666666666,-3.916666666666666
497,SSG,4,KT,2,2022-08-11 18:30:00,문학,인천,23.9,6,9.381944444444445,-3.3819444444444446
498,키움,0,롯데,3,2022-08-11 18:30:00,고척,서울,25.9,3,8.51388888888889,-5.513888888888889
499,두산,7,NC,1,2022-08-12 18:30:00,잠실,서울,27.8,8,8.916666666666666,-0.9166666666666661
500,SSG,5,KT,9,2022-08-12 18:30:00,문학,인천,25.6,14,9.381944444444445,4.618055555555555
501,삼성,7,KIA,6,2022-08-12 18:30:00,대구,대구,31.2,13,9.604166666666668,3.395833333333332
502,키움,1,롯데,4,2022-08-12 18:30:00,고척,서울,27.8,5,8.51388888888889,-3.5138888888888893
503,한화,5,LG,6,2022-08-12 18:30:00,대전,대전,27.5,11,8.881944444444445,2.1180555555555554
504,두산,2,SSG,8,2022-08-13 18:00:00,잠실,서울,27.4,10,9.430555555555555,0.5694444444444446
505,KT,8,삼성,1,2022-08-13 18:00:00,수원,수원,26.8,9,8.98611111111111,0.013888888888889284
506,KIA,9,롯데,0,2022-08-13 18:00:00,광주,광주,29.0,9,9.20138888888889,-0.20138888888888928
507,한화,6,키움,8,2022-08-13 18:00:00,대전,대전,26.5,14,8.229166666666666,5.770833333333334
508,두산,4,SSG,5,2022-08-14 17:00:00,잠실,서울,28.7,9,9.430555555555555,-0.43055555555555536
509,NC,6,LG,2,2022-08-14 17:00:00,창원,창원,29.8,8,9.45138888888889,-1.4513888888888893
510,KT,3,삼성,2,2022-08-14 17:00:00,수원,수원,26.2,5,8.98611111111111,-3.9861111111111107
511,KIA,1,롯데,5,2022-08-14 17:00:00,광주,광주,30.5,6,9.20138888888889,-3.2013888888888893
512,한화,8,키움,12,2022-08-14 17:00:00,대전,대전,28.7,20,8.229166666666666,11.770833333333334
513,LG,6,삼성,3,2022-08-16 18:30:00,잠실,서울,27.1,9,9.569444444444445,-0.5694444444444446
514,KT,5,키움,4,2022-08-16 18:30:00,수원,수원,24.9,9,8.694444444444445,0.30555555555555536
515,LG,11,삼성,7,2022-08-17 18:30:00,잠실,서울,26.5,18,9.569444444444445,8.430555555555555
516,롯데,8,두산,6,2022-08-17 18:30:00,사직,부산,23.0,14,8.631944444444445,5.368055555555555
517,NC,6,한화,4,2022-08-17 18:30:00,창원,창원,23.3,10,8.402777777777777,1.5972222222222232
518,KT,3,키움,2,2022-08-17 18:30:00,수원,수원,24.5,5,8.694444444444445,-3.6944444444444446
519,KIA,4,SSG,3,2022-08-17 18:30:00,광주,광주,25.1,7,10.0,-3.0
520,두산,10,키움,2,2022-08-18 18:30:00,잠실,서울,26.1,12,8.743055555555555,3.2569444444444446
521,SSG,4,LG,8,2022-08-18 18:30:00,문학,인천,25.0,12,9.965277777777779,2.0347222222222214
522,롯데,1,KT,0,2022-08-18 18:30:00,사직,부산,24.7,1,8.583333333333334,-7.583333333333334
523,KIA,8,NC,14,2022-08-18 18:30:00,광주,광주,26.9,22,9.48611111111111,12.51388888888889
524,한화,4,삼성,7,2022-08-18 18:30:00,대전,대전,25.6,11,8.520833333333334,2.479166666666666
525,롯데,3,KT,4,2022-08-19 18:30:00,사직,부산,27.7,7,8.583333333333334,-1.583333333333334
526,KIA,12,NC,9,2022-08-19 18:30:00,광주,광주,28.3,21,9.48611111111111,11.51388888888889
527,한화,5,삼성,9,2022-08-19 18:30:00,대전,대전,28.1,14,8.520833333333334,5.479166666666666
528,키움,7,SSG,14,2022-08-20 14:00:00,고척,서울,31.8,21,9.3125,11.6875
529,LG,6,두산,1,2022-08-20 18:00:00,잠실,서울,30.8,7,9.395833333333332,-2.395833333333332
530,롯데,3,한화,5,2022-08-20 18:00:00,사직,부산,24.8,8,8.118055555555555,-0.11805555555555536
531,KT,2,KIA,5,2022-08-20 18:00:00,수원,수원,28.9,7,9.381944444444445,-2.3819444444444446
532,키움,1,SSG,6,2022-08-21 14:00:00,고척,서울,31.2,7,9.3125,-2.3125
533,LG,2,두산,4,2022-08-21 17:00:00,잠실,서울,30.9,6,9.395833333333332,-3.395833333333332
534,롯데,8,한화,1,2022-08-21 17:00:00,사직,부산,26.9,9,8.118055555555555,0.8819444444444446
535,삼성,2,NC,6,2022-08-21 17:00:00,대구,대구,28.8,8,9.090277777777779,-1.0902777777777786
536,KT,11,KIA,3,2022-08-21 17:00:00,수원,수원,30.2,14,9.381944444444445,4.618055555555555
537,두산,1,KT,2,2022-08-23 18:30:00,잠실,서울,26.1,3,8.8125,-5.8125
538,SSG,7,삼성,3,2022-08-23 18:30:00,문학,인천,24.6,10,9.604166666666668,0.39583333333333215
539,NC,3,롯데,9,2022-08-23 18:30:00,창원,창원,24.9,12,8.6875,3.3125
540,키움,3,KIA,12,2022-08-23 18:30:00,고척,서울,26.1,15,9.3125,5.6875
541,한화,6,LG,4,2022-08-23 18:30:00,대전,대전,23.8,10,8.881944444444445,1.1180555555555554
542,두산,1,KT,5,2022-08-24 18:30:00,잠실,서울,25.0,6,8.8125,-2.8125
543,SSG,4,삼성,2,2022-08-24 18:30:00,문학,인천,24.6,6,9.604166666666668,-3.604166666666668
544,NC,1,롯데,2,2022-08-24 18:30:00,창원,창원,21.8,3,8.6875,-5.6875
545,키움,11,KIA,10,2022-08-24 18:30:00,고척,서울,25.0,21,9.3125,11.6875
546,한화,2,LG,9,2022-08-24 18:30:00,대전,대전,22.8,11,8.881944444444445,2.1180555555555554
547,LG,0,KIA,1,2022-08-25 18:30:00,잠실,서울,21.9,1,9.965277777777779,-8.965277777777779
548,롯데,5,삼성,9,2022-08-25 18:30:00,사직,부산,25.0,14,8.805555555555557,5.194444444444443
549,NC,9,키움,10,2022-08-25 18:30:00,창원,창원,24.5,19,8.79861111111111,10.20138888888889
550,KT,5,SSG,4,2022-08-25 18:30:00,수원,수원,21.9,9,9.381944444444445,-0.38194444444444464
551,한화,4,두산,0,2022-08-25 18:30:00,대전,대전,19.0,4,8.347222222222221,-4.347222222222221
552,LG,3,KIA,1,2022-08-26 18:30:00,잠실,서울,24.1,4,9.965277777777779,-5.965277777777779
553,롯데,8,삼성,3,2022-08-26 18:30:00,사직,부산,24.1,11,8.805555555555557,2.194444444444443
554,NC,3,키움,6,2022-08-26 18:30:00,창원,창원,23.7,9,8.79861111111111,0.20138888888888928
555,KT,12,SSG,3,2022-08-26 18:30:00,수원,수원,23.8,15,9.381944444444445,5.618055555555555
556,한화,2,두산,1,2022-08-26 18:30:00,대전,대전,24.1,3,8.347222222222221,-5.347222222222221
557,LG,1,키움,0,2022-08-27 18:00:00,잠실,서울,24.5,1,9.277777777777779,-8.277777777777779
558,SSG,10,롯데,0,2022-08-27 18:00:00,문학,인천,23.7,10,9.20138888888889,0.7986111111111107
559,삼성,7,한화,4,2022-08-27 18:00:00,대구,대구,26.7,11,8.520833333333334,2.479166666666666
560,NC,9,KT,2,2022-08-27 18:00:00,창원,창원,25.7,11,8.868055555555555,2.1319444444444446
561,KIA,1,두산,2,2022-08-27 18:00:00,광주,광주,24.8,3,9.430555555555555,-6.430555555555555
562,LG,7,키움,0,2022-08-28 17:00:00,잠실,서울,27.0,7,9.277777777777779,-2.2777777777777786
563,SSG,2,롯데,4,2022-08-28 17:00:00,문학,인천,25.3,6,9.20138888888889,-3.2013888888888893
564,삼성,5,한화,4,2022-08-28 17:00:00,대구,대구,25.2,9,8.520833333333334,0.4791666666666661
565,NC,5,KT,0,2022-08-28 17:00:00,창원,창원,23.6,5,8.868055555555555,-3.8680555555555554
566,KIA,11,두산,6,2022-08-28 17:00:00,광주,광주,25.6,17,9.430555555555555,7.569444444444445
567,키움,6,롯데,5,2022-08-30 18:30:00,고척,서울,19.6,11,8.51388888888889,2.4861111111111107
568,LG,5,NC,3,2022-08-31 18:30:00,잠실,서울,22.4,8,9.45138888888889,-1.4513888888888893
569,삼성,2,SSG,1,2022-08-31 18:30:00,대구,대구,21.8,3,9.604166666666668,-6.604166666666668
570,KT,5,두산,2,2022-08-31 18:30:00,수원,수원,21.5,7,8.8125,-1.8125
571,키움,5,롯데,4,2022-08-31 18:30:00,고척,서울,22.4,9,8.51388888888889,0.4861111111111107
572,한화,3,KIA,4,2022-08-31 18:30:00,대전,대전,21.0,7,8.916666666666666,-1.916666666666666
573,두산,2,롯데,1,2022-09-01 18:30:00,잠실,서울,26.0,3,8.631944444444445,-5.631944444444445
574,SSG,2,NC,3,2022-09-01 18:30:00,문학,인천,24.8,5,9.48611111111111,-4.486111111111111
575,KT,1,LG,3,2022-09-01 18:30:00,수원,수원,24.3,4,9.347222222222221,-5.347222222222221
576,KIA,1,삼성,4,2022-09-01 18:30:00,광주,광주,23.1,5,9.604166666666668,-4.604166666666668
577,키움,7,한화,1,2022-09-01 18:30:00,고척,서울,26.0,8,8.229166666666666,-0.22916666666666607
578,두산,4,롯데,16,2022-09-02 18:30:00,잠실,서울,25.8,20,8.631944444444445,11.368055555555555
579,SSG,5,NC,3,2022-09-02 18:30:00,문학,인천,26.5,8,9.48611111111111,-1.4861111111111107
580,KT,1,LG,2,2022-09-02 18:30:00,수원,수원,26.1,3,9.347222222222221,-6.347222222222221
581,KIA,8,삼성,3,2022-09-02 18:30:00,광주,광주,23.3,11,9.604166666666668,1.3958333333333321
582,키움,4,한화,0,2022-09-02 18:30:00,고척,서울,25.8,4,8.229166666666666,-4.229166666666666
583,두산,1,삼성,4,2022-09-03 17:00:00,잠실,서울,26.6,5,9.034722222222221,-4.034722222222221
584,SSG,1,키움,2,2022-09-03 17:00:00,문학,인천,26.8,3,9.3125,-6.3125
585,KIA,1,KT,5,2022-09-03 17:00:00,광주,광주,26.3,6,9.381944444444445,-3.3819444444444446
586,한화,7,NC,3,2022-09-03 17:00:00,대전,대전,23.8,10,8.402777777777777,1.5972222222222232
587,롯데,1,LG,14,2022-09-04 14:00:00,사직,부산,28.7,15,9.166666666666668,5.833333333333332
588,KIA,2,KT,6,2022-09-04 14:00:00,광주,광주,30.7,8,9.381944444444445,-1.3819444444444446
589,한화,10,NC,1,2022-09-04 14:00:00,대전,대전,27.4,11,8.402777777777777,2.597222222222223
590,LG,6,SSG,8,2022-09-06 18:30:00,잠실,서울,22.1,14,9.965277777777779,4.034722222222221
591,삼성,11,키움,4,2022-09-06 18:30:00,대구,대구,22.5,15,8.916666666666668,6.083333333333332
592,NC,4,두산,3,2022-09-06 18:30:00,창원,창원,22.8,7,8.916666666666666,-1.916666666666666
593,KT,8,한화,5,2022-09-06 18:30:00,수원,수원,21.1,13,8.29861111111111,4.701388888888889
594,롯데,6,KIA,3,2022-09-06 18:30:00,울산,울산,22.4,9,9.20138888888889,-0.20138888888888928
595,LG,2,SSG,2,2022-09-07 18:30:00,잠실,서울,22.9,4,9.965277777777779,-5.965277777777779
596,삼성,2,키움,1,2022-09-07 18:30:00,대구,대구,22.5,3,8.916666666666668,-5.916666666666668
597,NC,16,두산,5,2022-09-07 18:30:00,창원,창원,21.9,21,8.916666666666666,12.083333333333334
598,KT,4,한화,2,2022-09-07 18:30:00,수원,수원,22.1,6,8.29861111111111,-2.2986111111111107
599,롯데,6,KIA,12,2022-09-07 18:30:00,울산,울산,20.4,18,9.20138888888889,8.79861111111111
600,두산,4,한화,5,2022-09-08 18:30:00,잠실,서울,24.8,9,8.347222222222221,0.6527777777777786
601,SSG,4,KIA,9,2022-09-08 18:30:00,문학,인천,22.8,13,10.0,3.0
602,삼성,1,롯데,2,2022-09-08 18:30:00,대구,대구,22.2,3,8.805555555555557,-5.805555555555557
603,KT,3,NC,8,2022-09-08 18:30:00,수원,수원,22.3,11,8.868055555555555,2.1319444444444446
604,키움,3,LG,2,2022-09-08 18:30:00,고척,서울,24.8,5,9.277777777777779,-4.277777777777779
605,두산,11,한화,0,2022-09-09 14:00:00,잠실,서울,30.2,11,8.347222222222221,2.6527777777777786
606,SSG,9,KIA,16,2022-09-09 14:00:00,문학,인천,28.7,25,10.0,15.0
607,삼성,4,롯데,0,2022-09-09 14:00:00,대구,대구,27.3,4,8.805555555555557,-4.805555555555557
608,KT,1,NC,17,2022-09-09 14:00:00,수원,수원,29.2,18,8.868055555555555,9.131944444444445
609,키움,3,LG,6,2022-09-09 14:00:00,고척,서울,30.2,9,9.277777777777779,-0.27777777777777857
610,두산,0,KIA,3,2022-09-10 14:00:00,잠실,서울,27.8,3,9.430555555555555,-6.430555555555555
611,롯데,3,NC,6,2022-09-10 17:00:00,사직,부산,23.3,9,8.6875,0.3125
612,삼성,1,LG,10,2022-09-10 17:00:00,대구,대구,23.1,11,9.569444444444445,1.4305555555555554
613,키움,1,KT,2,2022-09-10 17:00:00,고척,서울,26.9,3,8.694444444444445,-5.694444444444445
614,한화,5,SSG,0,2022-09-10 17:00:00,대전,대전,23.3,5,8.916666666666666,-3.916666666666666
615,두산,6,KIA,3,2022-09-11 14:00:00,잠실,서울,25.9,9,9.430555555555555,-0.43055555555555536
616,롯데,6,NC,11,2022-09-11 14:00:00,사직,부산,27.5,17,8.6875,8.3125
617,삼성,3,LG,1,2022-09-11 14:00:00,대구,대구,26.7,4,9.569444444444445,-5.569444444444445
618,키움,5,KT,0,2022-09-11 14:00:00,고척,서울,25.9,5,8.694444444444445,-3.6944444444444446
619,한화,1,SSG,12,2022-09-11 14:00:00,대전,대전,28.3,13,8.916666666666666,4.083333333333334
620,두산,0,LG,5,2022-09-13 18:30:00,잠실,서울,25.2,5,9.395833333333332,-4.395833333333332
621,롯데,9,SSG,8,2022-09-13 18:30:00,사직,부산,23.5,17,9.20138888888889,7.798611111111111
622,NC,1,삼성,3,2022-09-13 18:30:00,창원,창원,24.6,4,9.090277777777779,-5.090277777777779
623,KIA,1,키움,4,2022-09-13 18:30:00,광주,광주,24.3,5,9.3125,-4.3125
624,한화,2,KT,5,2022-09-13 18:30:00,대전,대전,25.1,7,8.29861111111111,-1.2986111111111107
625,두산,5,LG,0,2022-09-14 18:30:00,잠실,서울,23.8,5,9.395833333333332,-4.395833333333332
626,롯데,1,SSG,3,2022-09-14 18:30:00,사직,부산,23.6,4,9.20138888888889,-5.201388888888889
627,NC,7,삼성,2,2022-09-14 18:30:00,창원,창원,24.3,9,9.090277777777779,-0.09027777777777857
628,KIA,0,키움,2,2022-09-14 18:30:00,광주,광주,24.9,2,9.3125,-7.3125
629,한화,4,KT,1,2022-09-14 18:30:00,대전,대전,24.5,5,8.29861111111111,-3.2986111111111107
630,LG,2,KT,0,2022-09-15 18:30:00,잠실,서울,26.3,2,9.347222222222221,-7.347222222222221
631,롯데,4,키움,2,2022-09-15 18:30:00,사직,부산,22.7,6,8.51388888888889,-2.5138888888888893
632,삼성,13,두산,3,2022-09-15 18:30:00,대구,대구,22.6,16,9.034722222222221,6.965277777777779
633,NC,6,SSG,0,2022-09-15 18:30:00,창원,창원,23.5,6,9.48611111111111,-3.4861111111111107
634,KIA,1,한화,2,2022-09-15 18:30:00,광주,광주,26.0,3,8.916666666666666,-5.916666666666666
635,롯데,10,키움,12,2022-09-16 18:30:00,사직,부산,24.3,22,8.51388888888889,13.48611111111111
636,삼성,11,두산,13,2022-09-16 18:30:00,대구,대구,25.8,24,9.034722222222221,14.965277777777779
637,NC,0,SSG,10,2022-09-16 18:30:00,창원,창원,25.5,10,9.48611111111111,0.5138888888888893
638,KIA,6,한화,7,2022-09-16 18:30:00,광주,광주,26.9,13,8.916666666666666,4.083333333333334
639,LG,4,한화,1,2022-09-17 17:00:00,잠실,서울,28.8,5,8.881944444444445,-3.8819444444444446
640,SSG,1,두산,4,2022-09-17 17:00:00,문학,인천,27.0,5,9.430555555555555,-4.430555555555555
641,삼성,10,KIA,1,2022-09-17 17:00:00,대구,대구,28.6,11,9.604166666666668,1.3958333333333321
642,KT,0,롯데,2,2022-09-17 17:00:00,수원,수원,27.6,2,8.583333333333334,-6.583333333333334
643,키움,10,NC,3,2022-09-17 17:00:00,고척,서울,28.8,13,8.79861111111111,4.201388888888889
644,LG,1,한화,5,2022-09-18 14:00:00,잠실,서울,32.0,6,8.881944444444445,-2.8819444444444446
645,SSG,14,두산,13,2022-09-18 14:00:00,문학,인천,30.5,27,9.430555555555555,17.569444444444443
646,삼성,9,KIA,6,2022-09-18 14:00:00,대구,대구,30.0,15,9.604166666666668,5.395833333333332
647,KT,6,롯데,3,2022-09-18 14:00:00,수원,수원,31.0,9,8.583333333333334,0.4166666666666661
648,키움,1,NC,5,2022-09-18 14:00:00,고척,서울,32.0,6,8.79861111111111,-2.7986111111111107
649,두산,8,NC,2,2022-09-20 18:30:00,잠실,서울,19.9,10,8.916666666666666,1.083333333333334
650,SSG,4,KT,2,2022-09-20 18:30:00,문학,인천,19.0,6,9.381944444444445,-3.3819444444444446
651,KIA,1,LG,11,2022-09-20 18:30:00,광주,광주,21.3,12,9.965277777777779,2.0347222222222214
652,키움,2,삼성,10,2022-09-20 18:30:00,고척,서울,19.9,12,8.916666666666668,3.083333333333332
653,한화,6,롯데,8,2022-09-20 18:30:00,대전,대전,18.4,14,8.118055555555555,5.881944444444445
654,두산,1,NC,5,2022-09-21 18:30:00,잠실,서울,20.9,6,8.916666666666666,-2.916666666666666
655,SSG,3,KT,4,2022-09-21 18:30:00,문학,인천,19.2,7,9.381944444444445,-2.3819444444444446
656,KIA,2,LG,11,2022-09-21 18:30:00,광주,광주,20.5,13,9.965277777777779,3.0347222222222214
657,키움,5,삼성,4,2022-09-21 18:30:00,고척,서울,20.9,9,8.916666666666668,0.08333333333333215
658,한화,0,롯데,9,2022-09-21 18:30:00,대전,대전,19.2,9,8.118055555555555,0.8819444444444446
659,LG,1,롯데,7,2022-09-22 18:30:00,잠실,서울,21.3,8,9.166666666666668,-1.1666666666666679
660,SSG,10,한화,1,2022-09-22 18:30:00,문학,인천,20.5,11,8.916666666666666,2.083333333333334
661,삼성,7,KT,9,2022-09-22 18:30:00,대구,대구,21.1,16,8.98611111111111,7.013888888888889
662,NC,1,KIA,3,2022-09-22 18:30:00,창원,창원,20.7,4,9.48611111111111,-5.486111111111111
663,키움,2,두산,5,2022-09-22 18:30:00,고척,서울,21.3,7,8.743055555555555,-1.7430555555555554
664,LG,1,롯데,0,2022-09-23 18:30:00,잠실,서울,16.8,1,9.166666666666668,-8.166666666666668
665,SSG,5,한화,4,2022-09-23 18:30:00,문학,인천,16.6,9,8.916666666666666,0.08333333333333393
666,삼성,5,KT,3,2022-09-23 18:30:00,대구,대구,20.5,8,8.98611111111111,-0.9861111111111107
667,NC,5,KIA,2,2022-09-23 18:30:00,창원,창원,22.4,7,9.48611111111111,-2.4861111111111107
668,키움,5,두산,1,2022-09-23 18:30:00,고척,서울,16.8,6,8.743055555555555,-2.7430555555555554
669,LG,0,한화,2,2022-09-24 17:00:00,잠실,서울,22.1,2,8.881944444444445,-6.881944444444445
670,SSG,14,두산,5,2022-09-24 17:00:00,문학,인천,21.1,19,9.430555555555555,9.569444444444445
671,NC,0,KIA,3,2022-09-24 17:00:00,창원,창원,21.9,3,9.48611111111111,-6.486111111111111
672,키움,9,롯데,5,2022-09-24 17:00:00,고척,서울,22.1,14,8.51388888888889,5.486111111111111
673,두산,5,한화,3,2022-09-25 14:00:00,잠실,서울,25.0,8,8.347222222222221,-0.34722222222222143
674,SSG,2,LG,6,2022-09-25 14:00:00,문학,인천,23.5,8,9.965277777777779,-1.9652777777777786
675,삼성,3,KIA,4,2022-09-25 14:00:00,대구,대구,22.0,7,9.604166666666668,-2.604166666666668
676,NC,1,KT,9,2022-09-25 14:00:00,창원,창원,20.9,10,8.868055555555555,1.1319444444444446
677,NC,6,키움,5,2022-09-27 18:30:00,창원,창원,20.9,11,8.79861111111111,2.2013888888888893
678,KT,5,두산,4,2022-09-27 18:30:00,수원,수원,20.1,9,8.8125,0.1875
679,한화,0,LG,1,2022-09-27 18:30:00,대전,대전,20.1,1,8.881944444444445,-7.881944444444445
680,NC,4,삼성,3,2022-09-28 18:30:00,창원,창원,21.0,7,9.090277777777779,-2.0902777777777786
681,KT,8,두산,0,2022-09-28 18:30:00,수원,수원,20.2,8,8.8125,-0.8125
682,한화,1,LG,4,2022-09-28 18:30:00,대전,대전,19.5,5,8.881944444444445,-3.8819444444444446
683,LG,3,KT,5,2022-09-29 18:30:00,잠실,서울,20.6,8,9.347222222222221,-1.3472222222222214
684,SSG,9,키움,14,2022-09-29 18:30:00,문학,인천,19.3,23,9.3125,13.6875
685,삼성,3,NC,0,2022-09-29 18:30:00,대구,대구,21.4,3,9.090277777777779,-6.090277777777779
686,KIA,5,롯데,4,2022-09-29 18:30:00,광주,광주,20.3,9,9.20138888888889,-0.20138888888888928
687,한화,5,두산,6,2022-09-29 18:30:00,대전,대전,18.6,11,8.347222222222221,2.6527777777777786
688,LG,2,NC,1,2022-09-30 18:30:00,잠실,서울,21.8,3,9.45138888888889,-6.451388888888889
689,SSG,7,키움,3,2022-09-30 18:30:00,문학,인천,19.2,10,9.3125,0.6875
690,삼성,11,두산,3,2022-09-30 18:30:00,대구,대구,22.4,14,9.034722222222221,4.965277777777779
691,한화,5,롯데,6,2022-09-30 18:30:00,대전,대전,19.1,11,8.118055555555555,2.8819444444444446
692,LG,1,NC,2,2022-10-01 17:00:00,잠실,서울,24.1,3,9.45138888888889,-6.451388888888889
693,삼성,4,두산,3,2022-10-01 17:00:00,대구,대구,27.0,7,9.034722222222221,-2.0347222222222214
694,KIA,2,SSG,3,2022-10-01 17:00:00,광주,광주,27.4,5,10.0,-5.0
695,LG,0,NC,2,2022-10-02 14:00:00,잠실,서울,21.1,2,9.45138888888889,-7.451388888888889
696,롯데,3,두산,1,2022-10-02 14:00:00,사직,부산,27.8,4,8.631944444444445,-4.631944444444445
697,한화,1,KIA,10,2022-10-02 14:00:00,대전,대전,25.3,11,8.916666666666666,2.083333333333334
698,롯데,3,두산,9,2022-10-03 14:00:00,사직,부산,24.3,12,8.631944444444445,3.3680555555555554
699,한화,7,SSG,4,2022-10-03 14:00:00,대전,대전,25.8,11,8.916666666666666,2.083333333333334
700,LG,3,KIA,8,2022-10-04 18:30:00,잠실,서울,16.4,11,9.965277777777779,1.0347222222222214
701,KT,7,삼성,3,2022-10-04 18:30:00,수원,수원,17.4,10,8.98611111111111,1.0138888888888893
702,두산,5,SSG,2,2022-10-05 18:30:00,잠실,서울,16.7,7,9.430555555555555,-2.4305555555555554
703,NC,7,롯데,3,2022-10-05 18:30:00,창원,창원,18.2,10,8.6875,1.3125
704,KT,4,삼성,7,2022-10-05 18:30:00,수원,수원,15.4,11,8.98611111111111,2.0138888888888893
705,KIA,2,LG,10,2022-10-05 18:30:00,광주,광주,15.4,12,9.965277777777779,2.0347222222222214
706,두산,5,삼성,4,2022-10-06 18:30:00,잠실,서울,16.0,9,9.034722222222221,-0.03472222222222143
707,NC,6,SSG,1,2022-10-06 18:30:00,창원,창원,17.5,7,9.48611111111111,-2.4861111111111107
708,KIA,4,LG,3,2022-10-06 18:30:00,광주,광주,16.5,7,9.965277777777779,-2.9652777777777786
709,한화,3,키움,2,2022-10-06 18:30:00,대전,대전,16.2,5,8.229166666666666,-3.229166666666666
710,두산,2,삼성,8,2022-10-07 18:30:00,잠실,서울,15.0,10,9.034722222222221,0.9652777777777786
711,NC,2,LG,7,2022-10-07 18:30:00,창원,창원,16.8,9,9.45138888888889,-0.4513888888888893
712,KIA,11,KT,1,2022-10-07 18:30:00,광주,광주,15.7,12,9.381944444444445,2.6180555555555554
713,두산,1,키움,5,2022-10-08 17:00:00,잠실,서울,18.7,6,8.743055555555555,-2.7430555555555554
714,롯데,3,LG,2,2022-10-08 17:00:00,사직,부산,17.3,5,9.166666666666668,-4.166666666666668
715,삼성,6,SSG,1,2022-10-08 17:00:00,대구,대구,17.0,7,9.604166666666668,-2.604166666666668
716,NC,6,한화,5,2022-10-08 17:00:00,창원,창원,17.6,11,8.402777777777777,2.597222222222223
717,KIA,2,KT,7,2022-10-08 17:00:00,광주,광주,18.9,9,9.381944444444445,-0.38194444444444464
718,KT,5,NC,2,2022-10-10 14:00:00,수원,수원,10.5,7,8.868055555555555,-1.8680555555555554
719,LG,6,KT,5,2022-10-11 18:30:00,잠실,서울,12.2,11,9.347222222222221,1.6527777777777786
